chapter_id,chapter_number,motif_key,motif_type,subtype,count
hongloumeng_ch001,1,motif_bamboo,花木,竹,2
hongloumeng_ch001,1,motif_book,文藝,書,19
hongloumeng_ch001,1,motif_dream,夢幻,夢,4
hongloumeng_ch001,1,motif_flower,花木,泛花,7
hongloumeng_ch001,1,motif_fragrance,感官,香氣,2
hongloumeng_ch001,1,motif_gold,物象,金,3
hongloumeng_ch001,1,motif_green,顏色,綠色,1
hongloumeng_ch001,1,motif_green_blue,顏色,青色,3
hongloumeng_ch001,1,motif_illness,身體,疾病,2
hongloumeng_ch001,1,motif_jade,物象,玉石,10
hongloumeng_ch001,1,motif_lotus,花木,蓮,6
hongloumeng_ch001,1,motif_moon,自然,月,12
hongloumeng_ch001,1,motif_poetry,文藝,詩,8
hongloumeng_ch001,1,motif_purple,顏色,紫色,1
hongloumeng_ch001,1,motif_rain,自然,雨,25
hongloumeng_ch001,1,motif_red,顏色,紅色,11
hongloumeng_ch001,1,motif_snow,自然,雪,2
hongloumeng_ch001,1,motif_stone,物象,石,24
hongloumeng_ch001,1,motif_tea,飲食,茶,2
hongloumeng_ch001,1,motif_tears,情感身體,眼淚,3
hongloumeng_ch001,1,motif_tears,情感身體,哭泣,4
hongloumeng_ch001,1,motif_white,顏色,白色,7
hongloumeng_ch001,1,motif_willow,花木,柳,1
hongloumeng_ch001,1,motif_wind,自然,風,14
hongloumeng_ch001,1,motif_wine,飲食,酒,7
hongloumeng_ch002,2,motif_bamboo,花木,竹,1
hongloumeng_ch002,2,motif_book,文藝,書,14
hongloumeng_ch002,2,motif_flower,花木,泛花,2
hongloumeng_ch002,2,motif_fragrance,感官,香氣,4
hongloumeng_ch002,2,motif_gold,物象,金,6
hongloumeng_ch002,2,motif_illness,身體,疾病,3
hongloumeng_ch002,2,motif_jade,物象,玉石,7
hongloumeng_ch002,2,motif_medicine,身體,藥,1
hongloumeng_ch002,2,motif_moon,自然,月,6
hongloumeng_ch002,2,motif_poetry,文藝,詩,4
hongloumeng_ch002,2,motif_rain,自然,雨,39
hongloumeng_ch002,2,motif_red,顏色,紅色,2
hongloumeng_ch002,2,motif_stone,物象,石,3
hongloumeng_ch002,2,motif_tea,飲食,茶,2
hongloumeng_ch002,2,motif_white,顏色,白色,1
hongloumeng_ch002,2,motif_willow,花木,柳,1
hongloumeng_ch002,2,motif_wind,自然,風,8
hongloumeng_ch002,2,motif_wine,飲食,酒,6
hongloumeng_ch003,3,motif_book,文藝,書,19
hongloumeng_ch003,3,motif_flower,花木,泛花,20
hongloumeng_ch003,3,motif_fragrance,感官,香氣,2
hongloumeng_ch003,3,motif_gold,物象,金,16
hongloumeng_ch003,3,motif_green,顏色,綠色,4
hongloumeng_ch003,3,motif_green_blue,顏色,青色,10
hongloumeng_ch003,3,motif_illness,身體,疾病,7
hongloumeng_ch003,3,motif_jade,物象,玉石,119
hongloumeng_ch003,3,motif_medicine,身體,藥,6
hongloumeng_ch003,3,motif_moon,自然,月,8
hongloumeng_ch003,3,motif_plum_blossom,花木,梅花,1
hongloumeng_ch003,3,motif_poetry,文藝,詩,1
hongloumeng_ch003,3,motif_purple,顏色,紫色,3
hongloumeng_ch003,3,motif_rain,自然,雨,14
hongloumeng_ch003,3,motif_red,顏色,紅色,10
hongloumeng_ch003,3,motif_snow,自然,雪,2
hongloumeng_ch003,3,motif_stone,物象,石,7
hongloumeng_ch003,3,motif_tea,飲食,茶,14
hongloumeng_ch003,3,motif_tears,情感身體,眼淚,5
hongloumeng_ch003,3,motif_tears,情感身體,哭泣,3
hongloumeng_ch003,3,motif_white,顏色,白色,1
hongloumeng_ch003,3,motif_willow,花木,柳,2
hongloumeng_ch003,3,motif_wind,自然,風,6
hongloumeng_ch004,4,motif_book,文藝,書,15
hongloumeng_ch004,4,motif_dream,夢幻,夢,1
hongloumeng_ch004,4,motif_flower,花木,泛花,4
hongloumeng_ch004,4,motif_fragrance,感官,香氣,5
hongloumeng_ch004,4,motif_gold,物象,金,7
hongloumeng_ch004,4,motif_green_blue,顏色,青色,1
hongloumeng_ch004,4,motif_illness,身體,疾病,2
hongloumeng_ch004,4,motif_jade,物象,玉石,5
hongloumeng_ch004,4,motif_lotus,花木,蓮,8
hongloumeng_ch004,4,motif_moon,自然,月,1
hongloumeng_ch004,4,motif_poetry,文藝,詩,2
hongloumeng_ch004,4,motif_purple,顏色,紫色,1
hongloumeng_ch004,4,motif_rain,自然,雨,26
hongloumeng_ch004,4,motif_snow,自然,雪,2
hongloumeng_ch004,4,motif_stone,物象,石,2
hongloumeng_ch004,4,motif_tears,情感身體,哭泣,1
hongloumeng_ch004,4,motif_white,顏色,白色,6
hongloumeng_ch004,4,motif_wind,自然,風,4
hongloumeng_ch004,4,motif_wine,飲食,酒,2
hongloumeng_ch005,5,motif_book,文藝,書,8
hongloumeng_ch005,5,motif_dream,夢幻,夢,16
hongloumeng_ch005,5,motif_flower,花木,泛花,18
hongloumeng_ch005,5,motif_fragrance,感官,香氣,17
hongloumeng_ch005,5,motif_gold,物象,金,19
hongloumeng_ch005,5,motif_green,顏色,綠色,3
hongloumeng_ch005,5,motif_green_blue,顏色,青色,3
hongloumeng_ch005,5,motif_haitang,花木,海棠,1
hongloumeng_ch005,5,motif_jade,物象,玉石,87
hongloumeng_ch005,5,motif_lotus,花木,蓮,2
hongloumeng_ch005,5,motif_moon,自然,月,14
hongloumeng_ch005,5,motif_plum_blossom,花木,梅花,1
hongloumeng_ch005,5,motif_poetry,文藝,詩,1
hongloumeng_ch005,5,motif_purple,顏色,紫色,1
hongloumeng_ch005,5,motif_rain,自然,雨,5
hongloumeng_ch005,5,motif_red,顏色,紅色,10
hongloumeng_ch005,5,motif_snow,自然,雪,7
hongloumeng_ch005,5,motif_song_drama,文藝,曲,9
hongloumeng_ch005,5,motif_stone,物象,石,3
hongloumeng_ch005,5,motif_tea,飲食,茶,4
hongloumeng_ch005,5,motif_tears,情感身體,眼淚,4
hongloumeng_ch005,5,motif_tears,情感身體,哭泣,3
hongloumeng_ch005,5,motif_white,顏色,白色,4
hongloumeng_ch005,5,motif_willow,花木,柳,4
hongloumeng_ch005,5,motif_wind,自然,風,18
hongloumeng_ch005,5,motif_wine,飲食,酒,9
hongloumeng_ch006,6,motif_book,文藝,書,2
hongloumeng_ch006,6,motif_dream,夢幻,夢,3
hongloumeng_ch006,6,motif_flower,花木,泛花,3
hongloumeng_ch006,6,motif_fragrance,感官,香氣,1
hongloumeng_ch006,6,motif_gold,物象,金,5
hongloumeng_ch006,6,motif_green,顏色,綠色,1
hongloumeng_ch006,6,motif_green_blue,顏色,青色,3
hongloumeng_ch006,6,motif_illness,身體,疾病,1
hongloumeng_ch006,6,motif_jade,物象,玉石,14
hongloumeng_ch006,6,motif_purple,顏色,紫色,1
hongloumeng_ch006,6,motif_rain,自然,雨,2
hongloumeng_ch006,6,motif_red,顏色,紅色,8
hongloumeng_ch006,6,motif_stone,物象,石,2
hongloumeng_ch006,6,motif_tea,飲食,茶,7
hongloumeng_ch006,6,motif_white,顏色,白色,4
hongloumeng_ch006,6,motif_wind,自然,風,3
hongloumeng_ch006,6,motif_wine,飲食,酒,1
hongloumeng_ch007,7,motif_book,文藝,書,9
hongloumeng_ch007,7,motif_flower,花木,泛花,25
hongloumeng_ch007,7,motif_fragrance,感官,香氣,10
hongloumeng_ch007,7,motif_gold,物象,金,9
hongloumeng_ch007,7,motif_hibiscus,花木,芙蓉,1
hongloumeng_ch007,7,motif_illness,身體,疾病,10
hongloumeng_ch007,7,motif_jade,物象,玉石,34
hongloumeng_ch007,7,motif_medicine,身體,藥,11
hongloumeng_ch007,7,motif_moon,自然,月,3
hongloumeng_ch007,7,motif_peony,花木,牡丹,1
hongloumeng_ch007,7,motif_plum_blossom,花木,梅花,1
hongloumeng_ch007,7,motif_rain,自然,雨,7
hongloumeng_ch007,7,motif_red,顏色,紅色,1
hongloumeng_ch007,7,motif_snow,自然,雪,3
hongloumeng_ch007,7,motif_song_drama,文藝,曲,1
hongloumeng_ch007,7,motif_tea,飲食,茶,6
hongloumeng_ch007,7,motif_tears,情感身體,哭泣,1
hongloumeng_ch007,7,motif_white,顏色,白色,11
hongloumeng_ch007,7,motif_wind,自然,風,2
hongloumeng_ch007,7,motif_wine,飲食,酒,8
hongloumeng_ch008,8,motif_book,文藝,書,5
hongloumeng_ch008,8,motif_dream,夢幻,夢,2
hongloumeng_ch008,8,motif_flower,花木,泛花,1
hongloumeng_ch008,8,motif_fragrance,感官,香氣,10
hongloumeng_ch008,8,motif_gold,物象,金,8
hongloumeng_ch008,8,motif_green_blue,顏色,青色,1
hongloumeng_ch008,8,motif_illness,身體,疾病,1
hongloumeng_ch008,8,motif_jade,物象,玉石,110
hongloumeng_ch008,8,motif_medicine,身體,藥,3
hongloumeng_ch008,8,motif_poetry,文藝,詩,1
hongloumeng_ch008,8,motif_purple,顏色,紫色,3
hongloumeng_ch008,8,motif_red,顏色,紅色,6
hongloumeng_ch008,8,motif_snow,自然,雪,11
hongloumeng_ch008,8,motif_stone,物象,石,3
hongloumeng_ch008,8,motif_tea,飲食,茶,14
hongloumeng_ch008,8,motif_white,顏色,白色,5
hongloumeng_ch008,8,motif_wind,自然,風,4
hongloumeng_ch008,8,motif_wine,飲食,酒,13
hongloumeng_ch009,9,motif_bamboo,花木,竹,1
hongloumeng_ch009,9,motif_book,文藝,書,22
hongloumeng_ch009,9,motif_flower,花木,泛花,2
hongloumeng_ch009,9,motif_fragrance,感官,香氣,13
hongloumeng_ch009,9,motif_gold,物象,金,31
hongloumeng_ch009,9,motif_green_blue,顏色,青色,1
hongloumeng_ch009,9,motif_jade,物象,玉石,46
hongloumeng_ch009,9,motif_medicine,身體,藥,2
hongloumeng_ch009,9,motif_moon,自然,月,2
hongloumeng_ch009,9,motif_poetry,文藝,詩,3
hongloumeng_ch009,9,motif_rain,自然,雨,2
hongloumeng_ch009,9,motif_red,顏色,紅色,4
hongloumeng_ch009,9,motif_song_drama,文藝,曲,2
hongloumeng_ch009,9,motif_tea,飲食,茶,2
hongloumeng_ch009,9,motif_tears,情感身體,哭泣,1
hongloumeng_ch009,9,motif_white,顏色,白色,5
hongloumeng_ch009,9,motif_willow,花木,柳,2
hongloumeng_ch009,9,motif_wind,自然,風,4
hongloumeng_ch009,9,motif_wine,飲食,酒,1
hongloumeng_ch010,10,motif_book,文藝,書,5
hongloumeng_ch010,10,motif_fragrance,感官,香氣,1
hongloumeng_ch010,10,motif_gold,物象,金,11
hongloumeng_ch010,10,motif_illness,身體,疾病,22
hongloumeng_ch010,10,motif_jade,物象,玉石,6
hongloumeng_ch010,10,motif_lotus,花木,蓮,1
hongloumeng_ch010,10,motif_medicine,身體,藥,10
hongloumeng_ch010,10,motif_moon,自然,月,2
hongloumeng_ch010,10,motif_purple,顏色,紫色,5
hongloumeng_ch010,10,motif_red,顏色,紅色,1
hongloumeng_ch010,10,motif_song_drama,文藝,曲,1
hongloumeng_ch010,10,motif_tea,飲食,茶,5
hongloumeng_ch010,10,motif_white,顏色,白色,3
hongloumeng_ch010,10,motif_wine,飲食,酒,2
hongloumeng_ch011,11,motif_chrysanthemum,花木,菊花,1
hongloumeng_ch011,11,motif_dream,夢幻,夢,2
hongloumeng_ch011,11,motif_flower,花木,泛花,1
hongloumeng_ch011,11,motif_fragrance,感官,香氣,3
hongloumeng_ch011,11,motif_haitang,花木,海棠,1
hongloumeng_ch011,11,motif_illness,身體,疾病,19
hongloumeng_ch011,11,motif_jade,物象,玉石,10
hongloumeng_ch011,11,motif_medicine,身體,藥,2
hongloumeng_ch011,11,motif_moon,自然,月,7
hongloumeng_ch011,11,motif_purple,顏色,紫色,1
hongloumeng_ch011,11,motif_red,顏色,紅色,4
hongloumeng_ch011,11,motif_song_drama,文藝,曲,1
hongloumeng_ch011,11,motif_stone,物象,石,2
hongloumeng_ch011,11,motif_tea,飲食,茶,6
hongloumeng_ch011,11,motif_tears,情感身體,眼淚,1
hongloumeng_ch011,11,motif_white,顏色,白色,1
hongloumeng_ch011,11,motif_willow,花木,柳,1
hongloumeng_ch011,11,motif_wind,自然,風,2
hongloumeng_ch011,11,motif_wine,飲食,酒,5
hongloumeng_ch012,12,motif_bamboo,花木,竹,1
hongloumeng_ch012,12,motif_book,文藝,書,2
hongloumeng_ch012,12,motif_dream,夢幻,夢,1
hongloumeng_ch012,12,motif_flower,花木,泛花,1
hongloumeng_ch012,12,motif_illness,身體,疾病,3
hongloumeng_ch012,12,motif_jade,物象,玉石,5
hongloumeng_ch012,12,motif_medicine,身體,藥,5
hongloumeng_ch012,12,motif_moon,自然,月,4
hongloumeng_ch012,12,motif_rain,自然,雨,1
hongloumeng_ch012,12,motif_tea,飲食,茶,1
hongloumeng_ch012,12,motif_tears,情感身體,哭泣,3
hongloumeng_ch012,12,motif_white,顏色,白色,6
hongloumeng_ch012,12,motif_wind,自然,風,7
hongloumeng_ch012,12,motif_wine,飲食,酒,1
hongloumeng_ch013,13,motif_book,文藝,書,5
hongloumeng_ch013,13,motif_dream,夢幻,夢,1
hongloumeng_ch013,13,motif_flower,花木,泛花,2
hongloumeng_ch013,13,motif_fragrance,感官,香氣,1
hongloumeng_ch013,13,motif_gold,物象,金,4
hongloumeng_ch013,13,motif_green_blue,顏色,青色,1
hongloumeng_ch013,13,motif_illness,身體,疾病,2
hongloumeng_ch013,13,motif_jade,物象,玉石,15
hongloumeng_ch013,13,motif_moon,自然,月,3
hongloumeng_ch013,13,motif_poetry,文藝,詩,1
hongloumeng_ch013,13,motif_purple,顏色,紫色,2
hongloumeng_ch013,13,motif_red,顏色,紅色,3
hongloumeng_ch013,13,motif_tea,飲食,茶,1
hongloumeng_ch013,13,motif_tears,情感身體,哭泣,6
hongloumeng_ch013,13,motif_tears,情感身體,眼淚,2
hongloumeng_ch013,13,motif_white,顏色,白色,2
hongloumeng_ch013,13,motif_wind,自然,風,3
hongloumeng_ch014,14,motif_book,文藝,書,5
hongloumeng_ch014,14,motif_dream,夢幻,夢,1
hongloumeng_ch014,14,motif_flower,花木,泛花,2
hongloumeng_ch014,14,motif_fragrance,感官,香氣,3
hongloumeng_ch014,14,motif_gold,物象,金,1
hongloumeng_ch014,14,motif_green_blue,顏色,青色,2
hongloumeng_ch014,14,motif_illness,身體,疾病,2
hongloumeng_ch014,14,motif_jade,物象,玉石,17
hongloumeng_ch014,14,motif_medicine,身體,藥,2
hongloumeng_ch014,14,motif_moon,自然,月,3
hongloumeng_ch014,14,motif_purple,顏色,紫色,2
hongloumeng_ch014,14,motif_red,顏色,紅色,1
hongloumeng_ch014,14,motif_song_drama,文藝,曲,1
hongloumeng_ch014,14,motif_stone,物象,石,1
hongloumeng_ch014,14,motif_tea,飲食,茶,13
hongloumeng_ch014,14,motif_tears,情感身體,眼淚,1
hongloumeng_ch014,14,motif_tears,情感身體,哭泣,3
hongloumeng_ch014,14,motif_white,顏色,白色,3
hongloumeng_ch014,14,motif_willow,花木,柳,2
hongloumeng_ch014,14,motif_wind,自然,風,1
hongloumeng_ch014,14,motif_wine,飲食,酒,3
hongloumeng_ch015,15,motif_book,文藝,書,4
hongloumeng_ch015,15,motif_flower,花木,泛花,1
hongloumeng_ch015,15,motif_fragrance,感官,香氣,4
hongloumeng_ch015,15,motif_gold,物象,金,7
hongloumeng_ch015,15,motif_green_blue,顏色,青色,2
hongloumeng_ch015,15,motif_illness,身體,疾病,1
hongloumeng_ch015,15,motif_jade,物象,玉石,61
hongloumeng_ch015,15,motif_moon,自然,月,4
hongloumeng_ch015,15,motif_poetry,文藝,詩,1
hongloumeng_ch015,15,motif_rain,自然,雨,1
hongloumeng_ch015,15,motif_red,顏色,紅色,2
hongloumeng_ch015,15,motif_tea,飲食,茶,11
hongloumeng_ch015,15,motif_tears,情感身體,眼淚,1
hongloumeng_ch015,15,motif_white,顏色,白色,5
hongloumeng_ch015,15,motif_wind,自然,風,2
hongloumeng_ch016,16,motif_bamboo,花木,竹,2
hongloumeng_ch016,16,motif_book,文藝,書,10
hongloumeng_ch016,16,motif_flower,花木,泛花,6
hongloumeng_ch016,16,motif_fragrance,感官,香氣,9
hongloumeng_ch016,16,motif_gold,物象,金,3
hongloumeng_ch016,16,motif_green_blue,顏色,青色,1
hongloumeng_ch016,16,motif_illness,身體,疾病,5
hongloumeng_ch016,16,motif_jade,物象,玉石,33
hongloumeng_ch016,16,motif_moon,自然,月,4
hongloumeng_ch016,16,motif_rain,自然,雨,1
hongloumeng_ch016,16,motif_stone,物象,石,2
hongloumeng_ch016,16,motif_tea,飲食,茶,2
hongloumeng_ch016,16,motif_tears,情感身體,哭泣,1
hongloumeng_ch016,16,motif_tears,情感身體,眼淚,1
hongloumeng_ch016,16,motif_white,顏色,白色,5
hongloumeng_ch016,16,motif_wind,自然,風,5
hongloumeng_ch016,16,motif_wine,飲食,酒,9
hongloumeng_ch017,17,motif_bamboo,花木,竹,8
hongloumeng_ch017,17,motif_book,文藝,書,14
hongloumeng_ch017,17,motif_dream,夢幻,夢,1
hongloumeng_ch017,17,motif_flower,花木,泛花,37
hongloumeng_ch017,17,motif_fragrance,感官,香氣,14
hongloumeng_ch017,17,motif_gold,物象,金,7
hongloumeng_ch017,17,motif_green,顏色,綠色,9
hongloumeng_ch017,17,motif_green_blue,顏色,青色,5
hongloumeng_ch017,17,motif_haitang,花木,海棠,2
hongloumeng_ch017,17,motif_illness,身體,疾病,1
hongloumeng_ch017,17,motif_jade,物象,玉石,54
hongloumeng_ch017,17,motif_lotus,花木,蓮,1
hongloumeng_ch017,17,motif_medicine,身體,藥,1
hongloumeng_ch017,17,motif_moon,自然,月,6
hongloumeng_ch017,17,motif_peach_blossom,花木,桃花,1
hongloumeng_ch017,17,motif_peony,花木,牡丹,1
hongloumeng_ch017,17,motif_poetry,文藝,詩,6
hongloumeng_ch017,17,motif_purple,顏色,紫色,2
hongloumeng_ch017,17,motif_rain,自然,雨,3
hongloumeng_ch017,17,motif_red,顏色,紅色,6
hongloumeng_ch017,17,motif_snow,自然,雪,2
hongloumeng_ch017,17,motif_song_drama,文藝,曲,7
hongloumeng_ch017,17,motif_stone,物象,石,22
hongloumeng_ch017,17,motif_tea,飲食,茶,2
hongloumeng_ch017,17,motif_tears,情感身體,哭泣,1
hongloumeng_ch017,17,motif_white,顏色,白色,8
hongloumeng_ch017,17,motif_willow,花木,柳,7
hongloumeng_ch017,17,motif_wind,自然,風,6
hongloumeng_ch017,17,motif_wine,飲食,酒,2
hongloumeng_ch018,18,motif_book,文藝,書,10
hongloumeng_ch018,18,motif_dream,夢幻,夢,3
hongloumeng_ch018,18,motif_flower,花木,泛花,13
hongloumeng_ch018,18,motif_fragrance,感官,香氣,22
hongloumeng_ch018,18,motif_gold,物象,金,24
hongloumeng_ch018,18,motif_green,顏色,綠色,16
hongloumeng_ch018,18,motif_green_blue,顏色,青色,4
hongloumeng_ch018,18,motif_illness,身體,疾病,2
hongloumeng_ch018,18,motif_jade,物象,玉石,74
hongloumeng_ch018,18,motif_moon,自然,月,9
hongloumeng_ch018,18,motif_poetry,文藝,詩,6
hongloumeng_ch018,18,motif_purple,顏色,紫色,2
hongloumeng_ch018,18,motif_rain,自然,雨,2
hongloumeng_ch018,18,motif_red,顏色,紅色,14
hongloumeng_ch018,18,motif_snow,自然,雪,2
hongloumeng_ch018,18,motif_song_drama,文藝,曲,3
hongloumeng_ch018,18,motif_stone,物象,石,6
hongloumeng_ch018,18,motif_tea,飲食,茶,2
hongloumeng_ch018,18,motif_tears,情感身體,眼淚,9
hongloumeng_ch018,18,motif_tears,情感身體,哭泣,3
hongloumeng_ch018,18,motif_white,顏色,白色,2
hongloumeng_ch018,18,motif_willow,花木,柳,3
hongloumeng_ch018,18,motif_wind,自然,風,9
hongloumeng_ch018,18,motif_wine,飲食,酒,3
hongloumeng_ch019,19,motif_book,文藝,書,9
hongloumeng_ch019,19,motif_dream,夢幻,夢,2
hongloumeng_ch019,19,motif_flower,花木,泛花,18
hongloumeng_ch019,19,motif_fragrance,感官,香氣,28
hongloumeng_ch019,19,motif_gold,物象,金,3
hongloumeng_ch019,19,motif_green_blue,顏色,青色,2
hongloumeng_ch019,19,motif_illness,身體,疾病,5
hongloumeng_ch019,19,motif_jade,物象,玉石,152
hongloumeng_ch019,19,motif_medicine,身體,藥,2
hongloumeng_ch019,19,motif_moon,自然,月,2
hongloumeng_ch019,19,motif_plum_blossom,花木,梅花,1
hongloumeng_ch019,19,motif_poetry,文藝,詩,1
hongloumeng_ch019,19,motif_red,顏色,紅色,8
hongloumeng_ch019,19,motif_snow,自然,雪,3
hongloumeng_ch019,19,motif_stone,物象,石,2
hongloumeng_ch019,19,motif_tea,飲食,茶,8
hongloumeng_ch019,19,motif_tears,情感身體,哭泣,3
hongloumeng_ch019,19,motif_tears,情感身體,眼淚,1
hongloumeng_ch019,19,motif_white,顏色,白色,6
hongloumeng_ch019,19,motif_wind,自然,風,4
hongloumeng_ch020,20,motif_book,文藝,書,1
hongloumeng_ch020,20,motif_fragrance,感官,香氣,1
hongloumeng_ch020,20,motif_green,顏色,綠色,1
hongloumeng_ch020,20,motif_green_blue,顏色,青色,1
hongloumeng_ch020,20,motif_illness,身體,疾病,6
hongloumeng_ch020,20,motif_jade,物象,玉石,78
hongloumeng_ch020,20,motif_medicine,身體,藥,2
hongloumeng_ch020,20,motif_moon,自然,月,16
hongloumeng_ch020,20,motif_snow,自然,雪,1
hongloumeng_ch020,20,motif_tea,飲食,茶,2
hongloumeng_ch020,20,motif_tears,情感身體,哭泣,8
hongloumeng_ch020,20,motif_tears,情感身體,眼淚,3
hongloumeng_ch020,20,motif_white,顏色,白色,2
hongloumeng_ch020,20,motif_wind,自然,風,3
hongloumeng_ch020,20,motif_wine,飲食,酒,1
hongloumeng_ch021,21,motif_book,文藝,書,6
hongloumeng_ch021,21,motif_flower,花木,泛花,6
hongloumeng_ch021,21,motif_fragrance,感官,香氣,11
hongloumeng_ch021,21,motif_gold,物象,金,3
hongloumeng_ch021,21,motif_green_blue,顏色,青色,3
hongloumeng_ch021,21,motif_illness,身體,疾病,5
hongloumeng_ch021,21,motif_jade,物象,玉石,65
hongloumeng_ch021,21,motif_medicine,身體,藥,1
hongloumeng_ch021,21,motif_moon,自然,月,9
hongloumeng_ch021,21,motif_purple,顏色,紫色,3
hongloumeng_ch021,21,motif_red,顏色,紅色,3
hongloumeng_ch021,21,motif_snow,自然,雪,2
hongloumeng_ch021,21,motif_tea,飲食,茶,3
hongloumeng_ch021,21,motif_white,顏色,白色,6
hongloumeng_ch021,21,motif_wind,自然,風,3
hongloumeng_ch021,21,motif_wine,飲食,酒,4
hongloumeng_ch022,22,motif_bamboo,花木,竹,2
hongloumeng_ch022,22,motif_book,文藝,書,2
hongloumeng_ch022,22,motif_flower,花木,泛花,2
hongloumeng_ch022,22,motif_fragrance,感官,香氣,1
hongloumeng_ch022,22,motif_gold,物象,金,1
hongloumeng_ch022,22,motif_jade,物象,玉石,72
hongloumeng_ch022,22,motif_lotus,花木,蓮,1
hongloumeng_ch022,22,motif_moon,自然,月,2
hongloumeng_ch022,22,motif_poetry,文藝,詩,3
hongloumeng_ch022,22,motif_rain,自然,雨,2
hongloumeng_ch022,22,motif_song_drama,文藝,曲,3
hongloumeng_ch022,22,motif_tea,飲食,茶,3
hongloumeng_ch022,22,motif_tears,情感身體,眼淚,2
hongloumeng_ch022,22,motif_tears,情感身體,哭泣,1
hongloumeng_ch022,22,motif_white,顏色,白色,5
hongloumeng_ch022,22,motif_wind,自然,風,4
hongloumeng_ch022,22,motif_wine,飲食,酒,12
hongloumeng_ch023,23,motif_bamboo,花木,竹,2
hongloumeng_ch023,23,motif_book,文藝,書,14
hongloumeng_ch023,23,motif_dream,夢幻,夢,3
hongloumeng_ch023,23,motif_flower,花木,泛花,27
hongloumeng_ch023,23,motif_fragrance,感官,香氣,6
hongloumeng_ch023,23,motif_gold,物象,金,7
hongloumeng_ch023,23,motif_illness,身體,疾病,2
hongloumeng_ch023,23,motif_jade,物象,玉石,73
hongloumeng_ch023,23,motif_medicine,身體,藥,1
hongloumeng_ch023,23,motif_moon,自然,月,8
hongloumeng_ch023,23,motif_peach_blossom,花木,桃花,2
hongloumeng_ch023,23,motif_poetry,文藝,詩,8
hongloumeng_ch023,23,motif_purple,顏色,紫色,1
hongloumeng_ch023,23,motif_rain,自然,雨,1
hongloumeng_ch023,23,motif_red,顏色,紅色,7
hongloumeng_ch023,23,motif_snow,自然,雪,1
hongloumeng_ch023,23,motif_song_drama,文藝,曲,4
hongloumeng_ch023,23,motif_stone,物象,石,5
hongloumeng_ch023,23,motif_tea,飲食,茶,3
hongloumeng_ch023,23,motif_tears,情感身體,眼淚,2
hongloumeng_ch023,23,motif_white,顏色,白色,4
hongloumeng_ch023,23,motif_willow,花木,柳,3
hongloumeng_ch023,23,motif_wind,自然,風,7
hongloumeng_ch023,23,motif_wine,飲食,酒,2
hongloumeng_ch024,24,motif_book,文藝,書,6
hongloumeng_ch024,24,motif_flower,花木,泛花,8
hongloumeng_ch024,24,motif_fragrance,感官,香氣,15
hongloumeng_ch024,24,motif_gold,物象,金,1
hongloumeng_ch024,24,motif_green_blue,顏色,青色,2
hongloumeng_ch024,24,motif_illness,身體,疾病,1
hongloumeng_ch024,24,motif_jade,物象,玉石,55
hongloumeng_ch024,24,motif_medicine,身體,藥,2
hongloumeng_ch024,24,motif_moon,自然,月,4
hongloumeng_ch024,24,motif_purple,顏色,紫色,1
hongloumeng_ch024,24,motif_red,顏色,紅色,15
hongloumeng_ch024,24,motif_tea,飲食,茶,18
hongloumeng_ch024,24,motif_white,顏色,白色,5
hongloumeng_ch024,24,motif_wind,自然,風,1
hongloumeng_ch024,24,motif_wine,飲食,酒,2
hongloumeng_ch025,25,motif_book,文藝,書,2
hongloumeng_ch025,25,motif_dream,夢幻,夢,4
hongloumeng_ch025,25,motif_flower,花木,泛花,7
hongloumeng_ch025,25,motif_fragrance,感官,香氣,5
hongloumeng_ch025,25,motif_gold,物象,金,2
hongloumeng_ch025,25,motif_green_blue,顏色,青色,3
hongloumeng_ch025,25,motif_haitang,花木,海棠,1
hongloumeng_ch025,25,motif_illness,身體,疾病,3
hongloumeng_ch025,25,motif_jade,物象,玉石,88
hongloumeng_ch025,25,motif_medicine,身體,藥,3
hongloumeng_ch025,25,motif_moon,自然,月,1
hongloumeng_ch025,25,motif_purple,顏色,紫色,1
hongloumeng_ch025,25,motif_red,顏色,紅色,12
hongloumeng_ch025,25,motif_snow,自然,雪,1
hongloumeng_ch025,25,motif_song_drama,文藝,曲,1
hongloumeng_ch025,25,motif_stone,物象,石,1
hongloumeng_ch025,25,motif_tea,飲食,茶,7
hongloumeng_ch025,25,motif_tears,情感身體,哭泣,7
hongloumeng_ch025,25,motif_tears,情感身體,眼淚,2
hongloumeng_ch025,25,motif_white,顏色,白色,5
hongloumeng_ch025,25,motif_willow,花木,柳,2
hongloumeng_ch025,25,motif_wind,自然,風,1
hongloumeng_ch025,25,motif_wine,飲食,酒,3
hongloumeng_ch026,26,motif_book,文藝,書,6
hongloumeng_ch026,26,motif_dream,夢幻,夢,1
hongloumeng_ch026,26,motif_flower,花木,泛花,12
hongloumeng_ch026,26,motif_fragrance,感官,香氣,3
hongloumeng_ch026,26,motif_gold,物象,金,3
hongloumeng_ch026,26,motif_green,顏色,綠色,1
hongloumeng_ch026,26,motif_green_blue,顏色,青色,2
hongloumeng_ch026,26,motif_illness,身體,疾病,3
hongloumeng_ch026,26,motif_jade,物象,玉石,116
hongloumeng_ch026,26,motif_medicine,身體,藥,3
hongloumeng_ch026,26,motif_moon,自然,月,5
hongloumeng_ch026,26,motif_poetry,文藝,詩,1
hongloumeng_ch026,26,motif_purple,顏色,紫色,17
hongloumeng_ch026,26,motif_rain,自然,雨,1
hongloumeng_ch026,26,motif_red,顏色,紅色,42
hongloumeng_ch026,26,motif_song_drama,文藝,曲,2
hongloumeng_ch026,26,motif_stone,物象,石,1
hongloumeng_ch026,26,motif_tea,飲食,茶,12
hongloumeng_ch026,26,motif_tears,情感身體,哭泣,5
hongloumeng_ch026,26,motif_tears,情感身體,眼淚,1
hongloumeng_ch026,26,motif_white,顏色,白色,1
hongloumeng_ch026,26,motif_willow,花木,柳,1
hongloumeng_ch026,26,motif_wind,自然,風,2
hongloumeng_ch026,26,motif_wine,飲食,酒,3
hongloumeng_ch027,27,motif_bamboo,花木,竹,1
hongloumeng_ch027,27,motif_book,文藝,書,3
hongloumeng_ch027,27,motif_dream,夢幻,夢,1
hongloumeng_ch027,27,motif_flower,花木,泛花,29
hongloumeng_ch027,27,motif_fragrance,感官,香氣,9
hongloumeng_ch027,27,motif_gold,物象,金,2
hongloumeng_ch027,27,motif_green_blue,顏色,青色,1
hongloumeng_ch027,27,motif_jade,物象,玉石,71
hongloumeng_ch027,27,motif_moon,自然,月,6
hongloumeng_ch027,27,motif_peach_blossom,花木,桃花,1
hongloumeng_ch027,27,motif_purple,顏色,紫色,3
hongloumeng_ch027,27,motif_rain,自然,雨,1
hongloumeng_ch027,27,motif_red,顏色,紅色,34
hongloumeng_ch027,27,motif_snow,自然,雪,1
hongloumeng_ch027,27,motif_song_drama,文藝,曲,2
hongloumeng_ch027,27,motif_stone,物象,石,2
hongloumeng_ch027,27,motif_tea,飲食,茶,4
hongloumeng_ch027,27,motif_tears,情感身體,眼淚,4
hongloumeng_ch027,27,motif_tears,情感身體,哭泣,3
hongloumeng_ch027,27,motif_white,顏色,白色,1
hongloumeng_ch027,27,motif_willow,花木,柳,5
hongloumeng_ch027,27,motif_wind,自然,風,7
hongloumeng_ch028,28,motif_book,文藝,書,4
hongloumeng_ch028,28,motif_flower,花木,泛花,26
hongloumeng_ch028,28,motif_fragrance,感官,香氣,8
hongloumeng_ch028,28,motif_gold,物象,金,12
hongloumeng_ch028,28,motif_green,顏色,綠色,1
hongloumeng_ch028,28,motif_green_blue,顏色,青色,3
hongloumeng_ch028,28,motif_hibiscus,花木,芙蓉,1
hongloumeng_ch028,28,motif_illness,身體,疾病,2
hongloumeng_ch028,28,motif_jade,物象,玉石,166
hongloumeng_ch028,28,motif_medicine,身體,藥,18
hongloumeng_ch028,28,motif_moon,自然,月,3
hongloumeng_ch028,28,motif_poetry,文藝,詩,2
hongloumeng_ch028,28,motif_purple,顏色,紫色,13
hongloumeng_ch028,28,motif_rain,自然,雨,2
hongloumeng_ch028,28,motif_red,顏色,紅色,12
hongloumeng_ch028,28,motif_snow,自然,雪,1
hongloumeng_ch028,28,motif_song_drama,文藝,曲,6
hongloumeng_ch028,28,motif_stone,物象,石,1
hongloumeng_ch028,28,motif_tea,飲食,茶,6
hongloumeng_ch028,28,motif_tears,情感身體,哭泣,1
hongloumeng_ch028,28,motif_tears,情感身體,眼淚,3
hongloumeng_ch028,28,motif_white,顏色,白色,6
hongloumeng_ch028,28,motif_willow,花木,柳,2
hongloumeng_ch028,28,motif_wind,自然,風,8
hongloumeng_ch028,28,motif_wine,飲食,酒,16
hongloumeng_ch029,29,motif_book,文藝,書,4
hongloumeng_ch029,29,motif_dream,夢幻,夢,1
hongloumeng_ch029,29,motif_flower,花木,泛花,4
hongloumeng_ch029,29,motif_fragrance,感官,香氣,5
hongloumeng_ch029,29,motif_gold,物象,金,9
hongloumeng_ch029,29,motif_illness,身體,疾病,8
hongloumeng_ch029,29,motif_jade,物象,玉石,97
hongloumeng_ch029,29,motif_medicine,身體,藥,2
hongloumeng_ch029,29,motif_moon,自然,月,4
hongloumeng_ch029,29,motif_poetry,文藝,詩,1
hongloumeng_ch029,29,motif_purple,顏色,紫色,11
hongloumeng_ch029,29,motif_rain,自然,雨,1
hongloumeng_ch029,29,motif_red,顏色,紅色,4
hongloumeng_ch029,29,motif_snow,自然,雪,3
hongloumeng_ch029,29,motif_song_drama,文藝,曲,1
hongloumeng_ch029,29,motif_tea,飲食,茶,2
hongloumeng_ch029,29,motif_tears,情感身體,眼淚,8
hongloumeng_ch029,29,motif_tears,情感身體,哭泣,11
hongloumeng_ch029,29,motif_white,顏色,白色,6
hongloumeng_ch029,29,motif_wind,自然,風,4
hongloumeng_ch029,29,motif_wine,飲食,酒,2
hongloumeng_ch030,30,motif_dream,夢幻,夢,2
hongloumeng_ch030,30,motif_flower,花木,泛花,11
hongloumeng_ch030,30,motif_fragrance,感官,香氣,1
hongloumeng_ch030,30,motif_gold,物象,金,16
hongloumeng_ch030,30,motif_green,顏色,綠色,1
hongloumeng_ch030,30,motif_green_blue,顏色,青色,1
hongloumeng_ch030,30,motif_illness,身體,疾病,2
hongloumeng_ch030,30,motif_jade,物象,玉石,103
hongloumeng_ch030,30,motif_moon,自然,月,2
hongloumeng_ch030,30,motif_poetry,文藝,詩,1
hongloumeng_ch030,30,motif_purple,顏色,紫色,6
hongloumeng_ch030,30,motif_rain,自然,雨,12
hongloumeng_ch030,30,motif_red,顏色,紅色,5
hongloumeng_ch030,30,motif_snow,自然,雪,1
hongloumeng_ch030,30,motif_tears,情感身體,哭泣,8
hongloumeng_ch030,30,motif_tears,情感身體,眼淚,8
hongloumeng_ch030,30,motif_white,顏色,白色,2
hongloumeng_ch030,30,motif_wind,自然,風,2
hongloumeng_ch031,31,motif_flower,花木,泛花,7
hongloumeng_ch031,31,motif_gold,物象,金,8
hongloumeng_ch031,31,motif_green_blue,顏色,青色,1
hongloumeng_ch031,31,motif_jade,物象,玉石,78
hongloumeng_ch031,31,motif_medicine,身體,藥,2
hongloumeng_ch031,31,motif_moon,自然,月,12
hongloumeng_ch031,31,motif_purple,顏色,紫色,1
hongloumeng_ch031,31,motif_red,顏色,紅色,3
hongloumeng_ch031,31,motif_snow,自然,雪,2
hongloumeng_ch031,31,motif_stone,物象,石,2
hongloumeng_ch031,31,motif_tea,飲食,茶,2
hongloumeng_ch031,31,motif_tears,情感身體,眼淚,4
hongloumeng_ch031,31,motif_tears,情感身體,哭泣,6
hongloumeng_ch031,31,motif_white,顏色,白色,7
hongloumeng_ch031,31,motif_wind,自然,風,1
hongloumeng_ch031,31,motif_wine,飲食,酒,5
hongloumeng_ch032,32,motif_book,文藝,書,1
hongloumeng_ch032,32,motif_dream,夢幻,夢,1
hongloumeng_ch032,32,motif_flower,花木,泛花,1
hongloumeng_ch032,32,motif_fragrance,感官,香氣,1
hongloumeng_ch032,32,motif_gold,物象,金,9
hongloumeng_ch032,32,motif_illness,身體,疾病,7
hongloumeng_ch032,32,motif_jade,物象,玉石,50
hongloumeng_ch032,32,motif_moon,自然,月,1
hongloumeng_ch032,32,motif_purple,顏色,紫色,1
hongloumeng_ch032,32,motif_rain,自然,雨,1
hongloumeng_ch032,32,motif_red,顏色,紅色,4
hongloumeng_ch032,32,motif_tea,飲食,茶,2
hongloumeng_ch032,32,motif_tears,情感身體,哭泣,6
hongloumeng_ch032,32,motif_tears,情感身體,眼淚,12
hongloumeng_ch032,32,motif_white,顏色,白色,7
hongloumeng_ch032,32,motif_wind,自然,風,3
hongloumeng_ch033,33,motif_book,文藝,書,3
hongloumeng_ch033,33,motif_fragrance,感官,香氣,1
hongloumeng_ch033,33,motif_gold,物象,金,9
hongloumeng_ch033,33,motif_green,顏色,綠色,1
hongloumeng_ch033,33,motif_green_blue,顏色,青色,1
hongloumeng_ch033,33,motif_jade,物象,玉石,37
hongloumeng_ch033,33,motif_purple,顏色,紫色,3
hongloumeng_ch033,33,motif_rain,自然,雨,3
hongloumeng_ch033,33,motif_red,顏色,紅色,3
hongloumeng_ch033,33,motif_tea,飲食,茶,1
hongloumeng_ch033,33,motif_tears,情感身體,哭泣,13
hongloumeng_ch033,33,motif_tears,情感身體,眼淚,6
hongloumeng_ch033,33,motif_white,顏色,白色,4
hongloumeng_ch034,34,motif_bamboo,花木,竹,1
hongloumeng_ch034,34,motif_book,文藝,書,1
hongloumeng_ch034,34,motif_dream,夢幻,夢,3
hongloumeng_ch034,34,motif_flower,花木,泛花,1
hongloumeng_ch034,34,motif_fragrance,感官,香氣,7
hongloumeng_ch034,34,motif_gold,物象,金,4
hongloumeng_ch034,34,motif_green_blue,顏色,青色,2
hongloumeng_ch034,34,motif_illness,身體,疾病,2
hongloumeng_ch034,34,motif_jade,物象,玉石,62
hongloumeng_ch034,34,motif_medicine,身體,藥,4
hongloumeng_ch034,34,motif_moon,自然,月,1
hongloumeng_ch034,34,motif_peach_blossom,花木,桃花,1
hongloumeng_ch034,34,motif_purple,顏色,紫色,1
hongloumeng_ch034,34,motif_red,顏色,紅色,4
hongloumeng_ch034,34,motif_tea,飲食,茶,2
hongloumeng_ch034,34,motif_tears,情感身體,眼淚,8
hongloumeng_ch034,34,motif_tears,情感身體,哭泣,9
hongloumeng_ch034,34,motif_white,顏色,白色,8
hongloumeng_ch034,34,motif_wind,自然,風,1
hongloumeng_ch034,34,motif_wine,飲食,酒,2
hongloumeng_ch035,35,motif_bamboo,花木,竹,2
hongloumeng_ch035,35,motif_chrysanthemum,花木,菊花,1
hongloumeng_ch035,35,motif_flower,花木,泛花,14
hongloumeng_ch035,35,motif_fragrance,感官,香氣,5
hongloumeng_ch035,35,motif_gold,物象,金,7
hongloumeng_ch035,35,motif_green,顏色,綠色,2
hongloumeng_ch035,35,motif_green_blue,顏色,青色,1
hongloumeng_ch035,35,motif_illness,身體,疾病,1
hongloumeng_ch035,35,motif_jade,物象,玉石,112
hongloumeng_ch035,35,motif_lotus,花木,蓮,2
hongloumeng_ch035,35,motif_medicine,身體,藥,3
hongloumeng_ch035,35,motif_moon,自然,月,6
hongloumeng_ch035,35,motif_plum_blossom,花木,梅花,3
hongloumeng_ch035,35,motif_poetry,文藝,詩,1
hongloumeng_ch035,35,motif_purple,顏色,紫色,6
hongloumeng_ch035,35,motif_rain,自然,雨,3
hongloumeng_ch035,35,motif_red,顏色,紅色,12
hongloumeng_ch035,35,motif_snow,自然,雪,1
hongloumeng_ch035,35,motif_stone,物象,石,2
hongloumeng_ch035,35,motif_tea,飲食,茶,7
hongloumeng_ch035,35,motif_tears,情感身體,眼淚,3
hongloumeng_ch035,35,motif_tears,情感身體,哭泣,9
hongloumeng_ch035,35,motif_white,顏色,白色,3
hongloumeng_ch035,35,motif_willow,花木,柳,2
hongloumeng_ch035,35,motif_wine,飲食,酒,2
hongloumeng_ch036,36,motif_book,文藝,書,3
hongloumeng_ch036,36,motif_dream,夢幻,夢,2
hongloumeng_ch036,36,motif_flower,花木,泛花,6
hongloumeng_ch036,36,motif_fragrance,感官,香氣,5
hongloumeng_ch036,36,motif_gold,物象,金,4
hongloumeng_ch036,36,motif_green,顏色,綠色,1
hongloumeng_ch036,36,motif_illness,身體,疾病,2
hongloumeng_ch036,36,motif_jade,物象,玉石,74
hongloumeng_ch036,36,motif_lotus,花木,蓮,2
hongloumeng_ch036,36,motif_medicine,身體,藥,1
hongloumeng_ch036,36,motif_moon,自然,月,19
hongloumeng_ch036,36,motif_peony,花木,牡丹,1
hongloumeng_ch036,36,motif_red,顏色,紅色,7
hongloumeng_ch036,36,motif_song_drama,文藝,曲,2
hongloumeng_ch036,36,motif_stone,物象,石,1
hongloumeng_ch036,36,motif_tea,飲食,茶,1
hongloumeng_ch036,36,motif_tears,情感身體,眼淚,6
hongloumeng_ch036,36,motif_tears,情感身體,哭泣,2
hongloumeng_ch036,36,motif_white,顏色,白色,5
hongloumeng_ch036,36,motif_wind,自然,風,5
hongloumeng_ch037,37,motif_bamboo,花木,竹,5
hongloumeng_ch037,37,motif_book,文藝,書,5
hongloumeng_ch037,37,motif_chrysanthemum,花木,菊花,3
hongloumeng_ch037,37,motif_dream,夢幻,夢,4
hongloumeng_ch037,37,motif_flower,花木,泛花,21
hongloumeng_ch037,37,motif_fragrance,感官,香氣,10
hongloumeng_ch037,37,motif_gold,物象,金,2
hongloumeng_ch037,37,motif_haitang,花木,海棠,11
hongloumeng_ch037,37,motif_illness,身體,疾病,1
hongloumeng_ch037,37,motif_jade,物象,玉石,57
hongloumeng_ch037,37,motif_lotus,花木,蓮,1
hongloumeng_ch037,37,motif_medicine,身體,藥,1
hongloumeng_ch037,37,motif_moon,自然,月,16
hongloumeng_ch037,37,motif_plum_blossom,花木,梅花,1
hongloumeng_ch037,37,motif_poetry,文藝,詩,41
hongloumeng_ch037,37,motif_purple,顏色,紫色,1
hongloumeng_ch037,37,motif_rain,自然,雨,4
hongloumeng_ch037,37,motif_red,顏色,紅色,2
hongloumeng_ch037,37,motif_snow,自然,雪,5
hongloumeng_ch037,37,motif_stone,物象,石,1
hongloumeng_ch037,37,motif_tears,情感身體,眼淚,4
hongloumeng_ch037,37,motif_tears,情感身體,哭泣,1
hongloumeng_ch037,37,motif_white,顏色,白色,10
hongloumeng_ch037,37,motif_wind,自然,風,7
hongloumeng_ch037,37,motif_wine,飲食,酒,4
hongloumeng_ch038,38,motif_bamboo,花木,竹,5
hongloumeng_ch038,38,motif_book,文藝,書,3
hongloumeng_ch038,38,motif_chrysanthemum,花木,菊花,4
hongloumeng_ch038,38,motif_dream,夢幻,夢,8
hongloumeng_ch038,38,motif_flower,花木,泛花,15
hongloumeng_ch038,38,motif_fragrance,感官,香氣,20
hongloumeng_ch038,38,motif_gold,物象,金,3
hongloumeng_ch038,38,motif_green,顏色,綠色,1
hongloumeng_ch038,38,motif_green_blue,顏色,青色,1
hongloumeng_ch038,38,motif_haitang,花木,海棠,1
hongloumeng_ch038,38,motif_hibiscus,花木,芙蓉,1
hongloumeng_ch038,38,motif_illness,身體,疾病,3
hongloumeng_ch038,38,motif_jade,物象,玉石,30
hongloumeng_ch038,38,motif_medicine,身體,藥,1
hongloumeng_ch038,38,motif_moon,自然,月,8
hongloumeng_ch038,38,motif_plum_blossom,花木,梅花,1
hongloumeng_ch038,38,motif_poetry,文藝,詩,11
hongloumeng_ch038,38,motif_purple,顏色,紫色,1
hongloumeng_ch038,38,motif_rain,自然,雨,2
hongloumeng_ch038,38,motif_red,顏色,紅色,4
hongloumeng_ch038,38,motif_snow,自然,雪,2
hongloumeng_ch038,38,motif_song_drama,文藝,曲,2
hongloumeng_ch038,38,motif_stone,物象,石,2
hongloumeng_ch038,38,motif_tea,飲食,茶,6
hongloumeng_ch038,38,motif_white,顏色,白色,1
hongloumeng_ch038,38,motif_willow,花木,柳,1
hongloumeng_ch038,38,motif_wind,自然,風,11
hongloumeng_ch038,38,motif_wine,飲食,酒,19
hongloumeng_ch039,39,motif_book,文藝,書,3
hongloumeng_ch039,39,motif_chrysanthemum,花木,菊花,1
hongloumeng_ch039,39,motif_dream,夢幻,夢,1
hongloumeng_ch039,39,motif_flower,花木,泛花,2
hongloumeng_ch039,39,motif_fragrance,感官,香氣,5
hongloumeng_ch039,39,motif_green_blue,顏色,青色,1
hongloumeng_ch039,39,motif_illness,身體,疾病,4
hongloumeng_ch039,39,motif_jade,物象,玉石,28
hongloumeng_ch039,39,motif_moon,自然,月,6
hongloumeng_ch039,39,motif_poetry,文藝,詩,2
hongloumeng_ch039,39,motif_rain,自然,雨,2
hongloumeng_ch039,39,motif_red,顏色,紅色,4
hongloumeng_ch039,39,motif_snow,自然,雪,9
hongloumeng_ch039,39,motif_stone,物象,石,1
hongloumeng_ch039,39,motif_tea,飲食,茶,4
hongloumeng_ch039,39,motif_tears,情感身體,眼淚,1
hongloumeng_ch039,39,motif_tears,情感身體,哭泣,1
hongloumeng_ch039,39,motif_white,顏色,白色,5
hongloumeng_ch039,39,motif_wind,自然,風,1
hongloumeng_ch039,39,motif_wine,飲食,酒,4
hongloumeng_ch040,40,motif_bamboo,花木,竹,2
hongloumeng_ch040,40,motif_book,文藝,書,6
hongloumeng_ch040,40,motif_chrysanthemum,花木,菊花,3
hongloumeng_ch040,40,motif_flower,花木,泛花,19
hongloumeng_ch040,40,motif_fragrance,感官,香氣,8
hongloumeng_ch040,40,motif_gold,物象,金,4
hongloumeng_ch040,40,motif_green,顏色,綠色,5
hongloumeng_ch040,40,motif_green_blue,顏色,青色,4
hongloumeng_ch040,40,motif_haitang,花木,海棠,1
hongloumeng_ch040,40,motif_jade,物象,玉石,29
hongloumeng_ch040,40,motif_medicine,身體,藥,1
hongloumeng_ch040,40,motif_moon,自然,月,3
hongloumeng_ch040,40,motif_peach_blossom,花木,桃花,1
hongloumeng_ch040,40,motif_plum_blossom,花木,梅花,4
hongloumeng_ch040,40,motif_poetry,文藝,詩,2
hongloumeng_ch040,40,motif_purple,顏色,紫色,3
hongloumeng_ch040,40,motif_rain,自然,雨,4
hongloumeng_ch040,40,motif_red,顏色,紅色,11
hongloumeng_ch040,40,motif_snow,自然,雪,1
hongloumeng_ch040,40,motif_song_drama,文藝,曲,1
hongloumeng_ch040,40,motif_stone,物象,石,6
hongloumeng_ch040,40,motif_tea,飲食,茶,11
hongloumeng_ch040,40,motif_tears,情感身體,眼淚,1
hongloumeng_ch040,40,motif_tears,情感身體,哭泣,1
hongloumeng_ch040,40,motif_white,顏色,白色,5
hongloumeng_ch040,40,motif_wind,自然,風,8
hongloumeng_ch040,40,motif_wine,飲食,酒,11
hongloumeng_ch041,41,motif_bamboo,花木,竹,6
hongloumeng_ch041,41,motif_book,文藝,書,2
hongloumeng_ch041,41,motif_flower,花木,泛花,15
hongloumeng_ch041,41,motif_fragrance,感官,香氣,10
hongloumeng_ch041,41,motif_gold,物象,金,7
hongloumeng_ch041,41,motif_green,顏色,綠色,4
hongloumeng_ch041,41,motif_green_blue,顏色,青色,1
hongloumeng_ch041,41,motif_haitang,花木,海棠,1
hongloumeng_ch041,41,motif_jade,物象,玉石,61
hongloumeng_ch041,41,motif_moon,自然,月,2
hongloumeng_ch041,41,motif_peony,花木,牡丹,1
hongloumeng_ch041,41,motif_plum_blossom,花木,梅花,1
hongloumeng_ch041,41,motif_purple,顏色,紫色,1
hongloumeng_ch041,41,motif_rain,自然,雨,3
hongloumeng_ch041,41,motif_red,顏色,紅色,2
hongloumeng_ch041,41,motif_snow,自然,雪,1
hongloumeng_ch041,41,motif_song_drama,文藝,曲,1
hongloumeng_ch041,41,motif_stone,物象,石,10
hongloumeng_ch041,41,motif_tea,飲食,茶,18
hongloumeng_ch041,41,motif_tears,情感身體,哭泣,2
hongloumeng_ch041,41,motif_white,顏色,白色,6
hongloumeng_ch041,41,motif_wind,自然,風,3
hongloumeng_ch041,41,motif_wine,飲食,酒,16
hongloumeng_ch042,42,motif_book,文藝,書,13
hongloumeng_ch042,42,motif_flower,花木,泛花,5
hongloumeng_ch042,42,motif_fragrance,感官,香氣,2
hongloumeng_ch042,42,motif_gold,物象,金,5
hongloumeng_ch042,42,motif_green,顏色,綠色,3
hongloumeng_ch042,42,motif_green_blue,顏色,青色,5
hongloumeng_ch042,42,motif_illness,身體,疾病,4
hongloumeng_ch042,42,motif_jade,物象,玉石,36
hongloumeng_ch042,42,motif_medicine,身體,藥,7
hongloumeng_ch042,42,motif_moon,自然,月,5
hongloumeng_ch042,42,motif_peony,花木,牡丹,1
hongloumeng_ch042,42,motif_plum_blossom,花木,梅花,1
hongloumeng_ch042,42,motif_poetry,文藝,詩,2
hongloumeng_ch042,42,motif_purple,顏色,紫色,1
hongloumeng_ch042,42,motif_red,顏色,紅色,4
hongloumeng_ch042,42,motif_snow,自然,雪,2
hongloumeng_ch042,42,motif_song_drama,文藝,曲,1
hongloumeng_ch042,42,motif_stone,物象,石,5
hongloumeng_ch042,42,motif_tea,飲食,茶,4
hongloumeng_ch042,42,motif_white,顏色,白色,5
hongloumeng_ch042,42,motif_willow,花木,柳,2
hongloumeng_ch042,42,motif_wind,自然,風,6
hongloumeng_ch042,42,motif_wine,飲食,酒,1
hongloumeng_ch043,43,motif_book,文藝,書,1
hongloumeng_ch043,43,motif_dream,夢幻,夢,1
hongloumeng_ch043,43,motif_flower,花木,泛花,6
hongloumeng_ch043,43,motif_fragrance,感官,香氣,12
hongloumeng_ch043,43,motif_green,顏色,綠色,1
hongloumeng_ch043,43,motif_jade,物象,玉石,37
hongloumeng_ch043,43,motif_medicine,身體,藥,1
hongloumeng_ch043,43,motif_moon,自然,月,3
hongloumeng_ch043,43,motif_poetry,文藝,詩,1
hongloumeng_ch043,43,motif_red,顏色,紅色,1
hongloumeng_ch043,43,motif_tea,飲食,茶,2
hongloumeng_ch043,43,motif_tears,情感身體,眼淚,6
hongloumeng_ch043,43,motif_tears,情感身體,哭泣,1
hongloumeng_ch043,43,motif_white,顏色,白色,2
hongloumeng_ch043,43,motif_wind,自然,風,1
hongloumeng_ch043,43,motif_wine,飲食,酒,5
hongloumeng_ch044,44,motif_bamboo,花木,竹,1
hongloumeng_ch044,44,motif_book,文藝,書,1
hongloumeng_ch044,44,motif_flower,花木,泛花,4
hongloumeng_ch044,44,motif_fragrance,感官,香氣,4
hongloumeng_ch044,44,motif_gold,物象,金,1
hongloumeng_ch044,44,motif_green_blue,顏色,青色,1
hongloumeng_ch044,44,motif_jade,物象,玉石,16
hongloumeng_ch044,44,motif_medicine,身體,藥,1
hongloumeng_ch044,44,motif_purple,顏色,紫色,2
hongloumeng_ch044,44,motif_red,顏色,紅色,3
hongloumeng_ch044,44,motif_song_drama,文藝,曲,5
hongloumeng_ch044,44,motif_tears,情感身體,哭泣,12
hongloumeng_ch044,44,motif_tears,情感身體,眼淚,6
hongloumeng_ch044,44,motif_white,顏色,白色,6
hongloumeng_ch044,44,motif_wind,自然,風,1
hongloumeng_ch044,44,motif_wine,飲食,酒,18
hongloumeng_ch045,45,motif_bamboo,花木,竹,4
hongloumeng_ch045,45,motif_book,文藝,書,6
hongloumeng_ch045,45,motif_dream,夢幻,夢,1
hongloumeng_ch045,45,motif_flower,花木,泛花,10
hongloumeng_ch045,45,motif_gold,物象,金,2
hongloumeng_ch045,45,motif_green,顏色,綠色,3
hongloumeng_ch045,45,motif_illness,身體,疾病,7
hongloumeng_ch045,45,motif_jade,物象,玉石,47
hongloumeng_ch045,45,motif_medicine,身體,藥,5
hongloumeng_ch045,45,motif_moon,自然,月,4
hongloumeng_ch045,45,motif_poetry,文藝,詩,7
hongloumeng_ch045,45,motif_purple,顏色,紫色,1
hongloumeng_ch045,45,motif_rain,自然,雨,19
hongloumeng_ch045,45,motif_red,顏色,紅色,3
hongloumeng_ch045,45,motif_snow,自然,雪,4
hongloumeng_ch045,45,motif_tea,飲食,茶,5
hongloumeng_ch045,45,motif_tears,情感身體,眼淚,4
hongloumeng_ch045,45,motif_white,顏色,白色,5
hongloumeng_ch045,45,motif_wind,自然,風,6
hongloumeng_ch045,45,motif_wine,飲食,酒,10
hongloumeng_ch046,46,motif_book,文藝,書,1
hongloumeng_ch046,46,motif_flower,花木,泛花,1
hongloumeng_ch046,46,motif_gold,物象,金,16
hongloumeng_ch046,46,motif_green,顏色,綠色,1
hongloumeng_ch046,46,motif_green_blue,顏色,青色,1
hongloumeng_ch046,46,motif_illness,身體,疾病,2
hongloumeng_ch046,46,motif_jade,物象,玉石,18
hongloumeng_ch046,46,motif_moon,自然,月,2
hongloumeng_ch046,46,motif_purple,顏色,紫色,1
hongloumeng_ch046,46,motif_red,顏色,紅色,5
hongloumeng_ch046,46,motif_snow,自然,雪,1
hongloumeng_ch046,46,motif_song_drama,文藝,曲,1
hongloumeng_ch046,46,motif_stone,物象,石,7
hongloumeng_ch046,46,motif_tea,飲食,茶,1
hongloumeng_ch046,46,motif_tears,情感身體,哭泣,2
hongloumeng_ch046,46,motif_white,顏色,白色,7
hongloumeng_ch046,46,motif_wind,自然,風,2
hongloumeng_ch046,46,motif_wine,飲食,酒,1
hongloumeng_ch047,47,motif_book,文藝,書,4
hongloumeng_ch047,47,motif_flower,花木,泛花,5
hongloumeng_ch047,47,motif_fragrance,感官,香氣,1
hongloumeng_ch047,47,motif_gold,物象,金,1
hongloumeng_ch047,47,motif_illness,身體,疾病,4
hongloumeng_ch047,47,motif_jade,物象,玉石,10
hongloumeng_ch047,47,motif_lotus,花木,蓮,43
hongloumeng_ch047,47,motif_moon,自然,月,4
hongloumeng_ch047,47,motif_rain,自然,雨,2
hongloumeng_ch047,47,motif_red,顏色,紅色,3
hongloumeng_ch047,47,motif_stone,物象,石,1
hongloumeng_ch047,47,motif_tea,飲食,茶,2
hongloumeng_ch047,47,motif_tears,情感身體,眼淚,1
hongloumeng_ch047,47,motif_tears,情感身體,哭泣,1
hongloumeng_ch047,47,motif_white,顏色,白色,2
hongloumeng_ch047,47,motif_willow,花木,柳,13
hongloumeng_ch047,47,motif_wind,自然,風,3
hongloumeng_ch047,47,motif_wine,飲食,酒,13
hongloumeng_ch048,48,motif_bamboo,花木,竹,3
hongloumeng_ch048,48,motif_book,文藝,書,5
hongloumeng_ch048,48,motif_dream,夢幻,夢,5
hongloumeng_ch048,48,motif_flower,花木,泛花,4
hongloumeng_ch048,48,motif_fragrance,感官,香氣,46
hongloumeng_ch048,48,motif_gold,物象,金,2
hongloumeng_ch048,48,motif_green_blue,顏色,青色,5
hongloumeng_ch048,48,motif_illness,身體,疾病,5
hongloumeng_ch048,48,motif_jade,物象,玉石,42
hongloumeng_ch048,48,motif_lotus,花木,蓮,2
hongloumeng_ch048,48,motif_medicine,身體,藥,1
hongloumeng_ch048,48,motif_moon,自然,月,6
hongloumeng_ch048,48,motif_plum_blossom,花木,梅花,1
hongloumeng_ch048,48,motif_poetry,文藝,詩,34
hongloumeng_ch048,48,motif_purple,顏色,紫色,1
hongloumeng_ch048,48,motif_rain,自然,雨,2
hongloumeng_ch048,48,motif_red,顏色,紅色,2
hongloumeng_ch048,48,motif_stone,物象,石,4
hongloumeng_ch048,48,motif_tea,飲食,茶,1
hongloumeng_ch048,48,motif_tears,情感身體,眼淚,1
hongloumeng_ch048,48,motif_white,顏色,白色,3
hongloumeng_ch048,48,motif_willow,花木,柳,2
hongloumeng_ch048,48,motif_wind,自然,風,2
hongloumeng_ch048,48,motif_wine,飲食,酒,3
hongloumeng_ch049,49,motif_bamboo,花木,竹,3
hongloumeng_ch049,49,motif_book,文藝,書,2
hongloumeng_ch049,49,motif_flower,花木,泛花,3
hongloumeng_ch049,49,motif_fragrance,感官,香氣,19
hongloumeng_ch049,49,motif_gold,物象,金,7
hongloumeng_ch049,49,motif_green,顏色,綠色,2
hongloumeng_ch049,49,motif_green_blue,顏色,青色,5
hongloumeng_ch049,49,motif_illness,身體,疾病,4
hongloumeng_ch049,49,motif_jade,物象,玉石,66
hongloumeng_ch049,49,motif_lotus,花木,蓮,1
hongloumeng_ch049,49,motif_medicine,身體,藥,1
hongloumeng_ch049,49,motif_moon,自然,月,8
hongloumeng_ch049,49,motif_poetry,文藝,詩,22
hongloumeng_ch049,49,motif_red,顏色,紅色,9
hongloumeng_ch049,49,motif_snow,自然,雪,20
hongloumeng_ch049,49,motif_song_drama,文藝,曲,1
hongloumeng_ch049,49,motif_tea,飲食,茶,1
hongloumeng_ch049,49,motif_tears,情感身體,眼淚,5
hongloumeng_ch049,49,motif_tears,情感身體,哭泣,5
hongloumeng_ch049,49,motif_white,顏色,白色,5
hongloumeng_ch049,49,motif_wind,自然,風,4
hongloumeng_ch049,49,motif_wine,飲食,酒,4
hongloumeng_ch050,50,motif_bamboo,花木,竹,3
hongloumeng_ch050,50,motif_book,文藝,書,2
hongloumeng_ch050,50,motif_dream,夢幻,夢,3
hongloumeng_ch050,50,motif_flower,花木,泛花,9
hongloumeng_ch050,50,motif_fragrance,感官,香氣,12
hongloumeng_ch050,50,motif_gold,物象,金,1
hongloumeng_ch050,50,motif_green,顏色,綠色,1
hongloumeng_ch050,50,motif_green_blue,顏色,青色,2
hongloumeng_ch050,50,motif_jade,物象,玉石,57
hongloumeng_ch050,50,motif_medicine,身體,藥,1
hongloumeng_ch050,50,motif_moon,自然,月,4
hongloumeng_ch050,50,motif_plum_blossom,花木,梅花,13
hongloumeng_ch050,50,motif_poetry,文藝,詩,13
hongloumeng_ch050,50,motif_purple,顏色,紫色,3
hongloumeng_ch050,50,motif_rain,自然,雨,2
hongloumeng_ch050,50,motif_red,顏色,紅色,20
hongloumeng_ch050,50,motif_snow,自然,雪,20
hongloumeng_ch050,50,motif_song_drama,文藝,曲,1
hongloumeng_ch050,50,motif_stone,物象,石,3
hongloumeng_ch050,50,motif_tea,飲食,茶,3
hongloumeng_ch050,50,motif_white,顏色,白色,3
hongloumeng_ch050,50,motif_willow,花木,柳,1
hongloumeng_ch050,50,motif_wind,自然,風,9
hongloumeng_ch050,50,motif_wine,飲食,酒,12
hongloumeng_ch051,51,motif_book,文藝,書,3
hongloumeng_ch051,51,motif_dream,夢幻,夢,1
hongloumeng_ch051,51,motif_flower,花木,泛花,10
hongloumeng_ch051,51,motif_fragrance,感官,香氣,8
hongloumeng_ch051,51,motif_gold,物象,金,4
hongloumeng_ch051,51,motif_green,顏色,綠色,1
hongloumeng_ch051,51,motif_green_blue,顏色,青色,3
hongloumeng_ch051,51,motif_haitang,花木,海棠,1
hongloumeng_ch051,51,motif_illness,身體,疾病,8
hongloumeng_ch051,51,motif_jade,物象,玉石,45
hongloumeng_ch051,51,motif_medicine,身體,藥,20
hongloumeng_ch051,51,motif_moon,自然,月,33
hongloumeng_ch051,51,motif_peony,花木,牡丹,1
hongloumeng_ch051,51,motif_plum_blossom,花木,梅花,1
hongloumeng_ch051,51,motif_purple,顏色,紫色,1
hongloumeng_ch051,51,motif_red,顏色,紅色,10
hongloumeng_ch051,51,motif_snow,自然,雪,4
hongloumeng_ch051,51,motif_song_drama,文藝,曲,2
hongloumeng_ch051,51,motif_stone,物象,石,3
hongloumeng_ch051,51,motif_tea,飲食,茶,6
hongloumeng_ch051,51,motif_tears,情感身體,哭泣,1
hongloumeng_ch051,51,motif_white,顏色,白色,4
hongloumeng_ch051,51,motif_willow,花木,柳,1
hongloumeng_ch051,51,motif_wind,自然,風,15
hongloumeng_ch052,52,motif_bamboo,花木,竹,1
hongloumeng_ch052,52,motif_book,文藝,書,3
hongloumeng_ch052,52,motif_dream,夢幻,夢,1
hongloumeng_ch052,52,motif_flower,花木,泛花,8
hongloumeng_ch052,52,motif_fragrance,感官,香氣,6
hongloumeng_ch052,52,motif_gold,物象,金,12
hongloumeng_ch052,52,motif_green,顏色,綠色,1
hongloumeng_ch052,52,motif_green_blue,顏色,青色,2
hongloumeng_ch052,52,motif_illness,身體,疾病,14
hongloumeng_ch052,52,motif_jade,物象,玉石,88
hongloumeng_ch052,52,motif_lotus,花木,蓮,1
hongloumeng_ch052,52,motif_medicine,身體,藥,14
hongloumeng_ch052,52,motif_moon,自然,月,30
hongloumeng_ch052,52,motif_poetry,文藝,詩,10
hongloumeng_ch052,52,motif_purple,顏色,紫色,2
hongloumeng_ch052,52,motif_red,顏色,紅色,7
hongloumeng_ch052,52,motif_snow,自然,雪,4
hongloumeng_ch052,52,motif_stone,物象,石,4
hongloumeng_ch052,52,motif_tea,飲食,茶,4
hongloumeng_ch052,52,motif_tears,情感身體,眼淚,1
hongloumeng_ch052,52,motif_tears,情感身體,哭泣,1
hongloumeng_ch052,52,motif_white,顏色,白色,2
hongloumeng_ch052,52,motif_wind,自然,風,1
hongloumeng_ch052,52,motif_wine,飲食,酒,1
hongloumeng_ch053,53,motif_bamboo,花木,竹,1
hongloumeng_ch053,53,motif_book,文藝,書,6
hongloumeng_ch053,53,motif_flower,花木,泛花,18
hongloumeng_ch053,53,motif_fragrance,感官,香氣,11
hongloumeng_ch053,53,motif_gold,物象,金,11
hongloumeng_ch053,53,motif_green,顏色,綠色,1
hongloumeng_ch053,53,motif_green_blue,顏色,青色,5
hongloumeng_ch053,53,motif_haitang,花木,海棠,1
hongloumeng_ch053,53,motif_hibiscus,花木,芙蓉,1
hongloumeng_ch053,53,motif_illness,身體,疾病,3
hongloumeng_ch053,53,motif_jade,物象,玉石,15
hongloumeng_ch053,53,motif_medicine,身體,藥,5
hongloumeng_ch053,53,motif_moon,自然,月,14
hongloumeng_ch053,53,motif_plum_blossom,花木,梅花,1
hongloumeng_ch053,53,motif_poetry,文藝,詩,3
hongloumeng_ch053,53,motif_purple,顏色,紫色,1
hongloumeng_ch053,53,motif_rain,自然,雨,2
hongloumeng_ch053,53,motif_red,顏色,紅色,9
hongloumeng_ch053,53,motif_snow,自然,雪,2
hongloumeng_ch053,53,motif_stone,物象,石,5
hongloumeng_ch053,53,motif_tea,飲食,茶,13
hongloumeng_ch053,53,motif_white,顏色,白色,5
hongloumeng_ch053,53,motif_wind,自然,風,5
hongloumeng_ch053,53,motif_wine,飲食,酒,14
hongloumeng_ch054,54,motif_bamboo,花木,竹,2
hongloumeng_ch054,54,motif_book,文藝,書,26
hongloumeng_ch054,54,motif_dream,夢幻,夢,2
hongloumeng_ch054,54,motif_flower,花木,泛花,9
hongloumeng_ch054,54,motif_fragrance,感官,香氣,7
hongloumeng_ch054,54,motif_gold,物象,金,5
hongloumeng_ch054,54,motif_jade,物象,玉石,40
hongloumeng_ch054,54,motif_lotus,花木,蓮,1
hongloumeng_ch054,54,motif_moon,自然,月,14
hongloumeng_ch054,54,motif_rain,自然,雨,2
hongloumeng_ch054,54,motif_red,顏色,紅色,1
hongloumeng_ch054,54,motif_song_drama,文藝,曲,2
hongloumeng_ch054,54,motif_stone,物象,石,1
hongloumeng_ch054,54,motif_tea,飲食,茶,8
hongloumeng_ch054,54,motif_white,顏色,白色,3
hongloumeng_ch054,54,motif_wind,自然,風,1
hongloumeng_ch054,54,motif_wine,飲食,酒,24
hongloumeng_ch055,55,motif_book,文藝,書,5
hongloumeng_ch055,55,motif_flower,花木,泛花,3
hongloumeng_ch055,55,motif_illness,身體,疾病,2
hongloumeng_ch055,55,motif_jade,物象,玉石,6
hongloumeng_ch055,55,motif_medicine,身體,藥,4
hongloumeng_ch055,55,motif_moon,自然,月,11
hongloumeng_ch055,55,motif_red,顏色,紅色,4
hongloumeng_ch055,55,motif_stone,物象,石,3
hongloumeng_ch055,55,motif_tea,飲食,茶,8
hongloumeng_ch055,55,motif_tears,情感身體,眼淚,3
hongloumeng_ch055,55,motif_tears,情感身體,哭泣,3
hongloumeng_ch055,55,motif_white,顏色,白色,12
hongloumeng_ch055,55,motif_wind,自然,風,1
hongloumeng_ch055,55,motif_wine,飲食,酒,2
hongloumeng_ch056,56,motif_bamboo,花木,竹,3
hongloumeng_ch056,56,motif_book,文藝,書,2
hongloumeng_ch056,56,motif_dream,夢幻,夢,8
hongloumeng_ch056,56,motif_flower,花木,泛花,17
hongloumeng_ch056,56,motif_fragrance,感官,香氣,6
hongloumeng_ch056,56,motif_gold,物象,金,2
hongloumeng_ch056,56,motif_illness,身體,疾病,4
hongloumeng_ch056,56,motif_jade,物象,玉石,43
hongloumeng_ch056,56,motif_medicine,身體,藥,3
hongloumeng_ch056,56,motif_moon,自然,月,10
hongloumeng_ch056,56,motif_rain,自然,雨,1
hongloumeng_ch056,56,motif_red,顏色,紅色,4
hongloumeng_ch056,56,motif_snow,自然,雪,1
hongloumeng_ch056,56,motif_tea,飲食,茶,3
hongloumeng_ch056,56,motif_tears,情感身體,眼淚,2
hongloumeng_ch056,56,motif_white,顏色,白色,6
hongloumeng_ch056,56,motif_wine,飲食,酒,5
hongloumeng_ch057,57,motif_bamboo,花木,竹,1
hongloumeng_ch057,57,motif_book,文藝,書,4
hongloumeng_ch057,57,motif_dream,夢幻,夢,1
hongloumeng_ch057,57,motif_flower,花木,泛花,1
hongloumeng_ch057,57,motif_fragrance,感官,香氣,2
hongloumeng_ch057,57,motif_gold,物象,金,3
hongloumeng_ch057,57,motif_green_blue,顏色,青色,1
hongloumeng_ch057,57,motif_illness,身體,疾病,13
hongloumeng_ch057,57,motif_jade,物象,玉石,102
hongloumeng_ch057,57,motif_medicine,身體,藥,8
hongloumeng_ch057,57,motif_moon,自然,月,7
hongloumeng_ch057,57,motif_peach_blossom,花木,桃花,2
hongloumeng_ch057,57,motif_purple,顏色,紫色,63
hongloumeng_ch057,57,motif_rain,自然,雨,1
hongloumeng_ch057,57,motif_red,顏色,紅色,8
hongloumeng_ch057,57,motif_snow,自然,雪,10
hongloumeng_ch057,57,motif_stone,物象,石,3
hongloumeng_ch057,57,motif_tea,飲食,茶,2
hongloumeng_ch057,57,motif_tears,情感身體,眼淚,6
hongloumeng_ch057,57,motif_tears,情感身體,哭泣,13
hongloumeng_ch057,57,motif_white,顏色,白色,11
hongloumeng_ch057,57,motif_wind,自然,風,8
hongloumeng_ch057,57,motif_wine,飲食,酒,3
hongloumeng_ch058,58,motif_bamboo,花木,竹,1
hongloumeng_ch058,58,motif_dream,夢幻,夢,2
hongloumeng_ch058,58,motif_flower,花木,泛花,13
hongloumeng_ch058,58,motif_fragrance,感官,香氣,10
hongloumeng_ch058,58,motif_gold,物象,金,1
hongloumeng_ch058,58,motif_green,顏色,綠色,3
hongloumeng_ch058,58,motif_haitang,花木,海棠,1
hongloumeng_ch058,58,motif_illness,身體,疾病,6
hongloumeng_ch058,58,motif_jade,物象,玉石,49
hongloumeng_ch058,58,motif_medicine,身體,藥,1
hongloumeng_ch058,58,motif_moon,自然,月,12
hongloumeng_ch058,58,motif_red,顏色,紅色,4
hongloumeng_ch058,58,motif_song_drama,文藝,曲,1
hongloumeng_ch058,58,motif_stone,物象,石,6
hongloumeng_ch058,58,motif_tea,飲食,茶,3
hongloumeng_ch058,58,motif_tears,情感身體,眼淚,5
hongloumeng_ch058,58,motif_tears,情感身體,哭泣,5
hongloumeng_ch058,58,motif_white,顏色,白色,2
hongloumeng_ch058,58,motif_willow,花木,柳,1
hongloumeng_ch058,58,motif_wind,自然,風,2
hongloumeng_ch059,59,motif_flower,花木,泛花,13
hongloumeng_ch059,59,motif_fragrance,感官,香氣,1
hongloumeng_ch059,59,motif_gold,物象,金,2
hongloumeng_ch059,59,motif_green_blue,顏色,青色,2
hongloumeng_ch059,59,motif_haitang,花木,海棠,1
hongloumeng_ch059,59,motif_illness,身體,疾病,1
hongloumeng_ch059,59,motif_jade,物象,玉石,19
hongloumeng_ch059,59,motif_moon,自然,月,6
hongloumeng_ch059,59,motif_purple,顏色,紫色,4
hongloumeng_ch059,59,motif_rain,自然,雨,1
hongloumeng_ch059,59,motif_red,顏色,紅色,3
hongloumeng_ch059,59,motif_stone,物象,石,2
hongloumeng_ch059,59,motif_tears,情感身體,哭泣,4
hongloumeng_ch059,59,motif_tears,情感身體,眼淚,1
hongloumeng_ch059,59,motif_willow,花木,柳,10
hongloumeng_ch060,60,motif_flower,花木,泛花,1
hongloumeng_ch060,60,motif_fragrance,感官,香氣,6
hongloumeng_ch060,60,motif_illness,身體,疾病,6
hongloumeng_ch060,60,motif_jade,物象,玉石,27
hongloumeng_ch060,60,motif_medicine,身體,藥,2
hongloumeng_ch060,60,motif_moon,自然,月,3
hongloumeng_ch060,60,motif_purple,顏色,紫色,1
hongloumeng_ch060,60,motif_red,顏色,紅色,5
hongloumeng_ch060,60,motif_song_drama,文藝,曲,1
hongloumeng_ch060,60,motif_stone,物象,石,1
hongloumeng_ch060,60,motif_tea,飲食,茶,8
hongloumeng_ch060,60,motif_tears,情感身體,哭泣,4
hongloumeng_ch060,60,motif_white,顏色,白色,5
hongloumeng_ch060,60,motif_willow,花木,柳,25
hongloumeng_ch060,60,motif_wind,自然,風,2
hongloumeng_ch060,60,motif_wine,飲食,酒,1
hongloumeng_ch061,61,motif_book,文藝,書,1
hongloumeng_ch061,61,motif_flower,花木,泛花,11
hongloumeng_ch061,61,motif_green_blue,顏色,青色,1
hongloumeng_ch061,61,motif_illness,身體,疾病,3
hongloumeng_ch061,61,motif_jade,物象,玉石,19
hongloumeng_ch061,61,motif_lotus,花木,蓮,9
hongloumeng_ch061,61,motif_medicine,身體,藥,1
hongloumeng_ch061,61,motif_moon,自然,月,2
hongloumeng_ch061,61,motif_red,顏色,紅色,5
hongloumeng_ch061,61,motif_stone,物象,石,1
hongloumeng_ch061,61,motif_tea,飲食,茶,5
hongloumeng_ch061,61,motif_tears,情感身體,哭泣,4
hongloumeng_ch061,61,motif_white,顏色,白色,9
hongloumeng_ch061,61,motif_willow,花木,柳,16
hongloumeng_ch061,61,motif_wine,飲食,酒,2
hongloumeng_ch062,62,motif_bamboo,花木,竹,1
hongloumeng_ch062,62,motif_book,文藝,書,3
hongloumeng_ch062,62,motif_dream,夢幻,夢,1
hongloumeng_ch062,62,motif_flower,花木,泛花,25
hongloumeng_ch062,62,motif_fragrance,感官,香氣,52
hongloumeng_ch062,62,motif_gold,物象,金,1
hongloumeng_ch062,62,motif_green,顏色,綠色,3
hongloumeng_ch062,62,motif_green_blue,顏色,青色,2
hongloumeng_ch062,62,motif_hibiscus,花木,芙蓉,1
hongloumeng_ch062,62,motif_illness,身體,疾病,5
hongloumeng_ch062,62,motif_jade,物象,玉石,101
hongloumeng_ch062,62,motif_medicine,身體,藥,5
hongloumeng_ch062,62,motif_moon,自然,月,15
hongloumeng_ch062,62,motif_peony,花木,牡丹,2
hongloumeng_ch062,62,motif_poetry,文藝,詩,6
hongloumeng_ch062,62,motif_purple,顏色,紫色,1
hongloumeng_ch062,62,motif_rain,自然,雨,1
hongloumeng_ch062,62,motif_red,顏色,紅色,15
hongloumeng_ch062,62,motif_song_drama,文藝,曲,1
hongloumeng_ch062,62,motif_stone,物象,石,6
hongloumeng_ch062,62,motif_tea,飲食,茶,15
hongloumeng_ch062,62,motif_tears,情感身體,哭泣,3
hongloumeng_ch062,62,motif_tears,情感身體,眼淚,1
hongloumeng_ch062,62,motif_white,顏色,白色,6
hongloumeng_ch062,62,motif_willow,花木,柳,12
hongloumeng_ch062,62,motif_wind,自然,風,2
hongloumeng_ch062,62,motif_wine,飲食,酒,34
hongloumeng_ch063,63,motif_bamboo,花木,竹,2
hongloumeng_ch063,63,motif_book,文藝,書,4
hongloumeng_ch063,63,motif_dream,夢幻,夢,2
hongloumeng_ch063,63,motif_flower,花木,泛花,19
hongloumeng_ch063,63,motif_fragrance,感官,香氣,13
hongloumeng_ch063,63,motif_gold,物象,金,4
hongloumeng_ch063,63,motif_green,顏色,綠色,2
hongloumeng_ch063,63,motif_green_blue,顏色,青色,5
hongloumeng_ch063,63,motif_haitang,花木,海棠,1
hongloumeng_ch063,63,motif_hibiscus,花木,芙蓉,2
hongloumeng_ch063,63,motif_illness,身體,疾病,3
hongloumeng_ch063,63,motif_jade,物象,玉石,86
hongloumeng_ch063,63,motif_medicine,身體,藥,3
hongloumeng_ch063,63,motif_moon,自然,月,12
hongloumeng_ch063,63,motif_peach_blossom,花木,桃花,2
hongloumeng_ch063,63,motif_peony,花木,牡丹,3
hongloumeng_ch063,63,motif_plum_blossom,花木,梅花,1
hongloumeng_ch063,63,motif_poetry,文藝,詩,10
hongloumeng_ch063,63,motif_purple,顏色,紫色,1
hongloumeng_ch063,63,motif_red,顏色,紅色,17
hongloumeng_ch063,63,motif_song_drama,文藝,曲,2
hongloumeng_ch063,63,motif_stone,物象,石,2
hongloumeng_ch063,63,motif_tea,飲食,茶,8
hongloumeng_ch063,63,motif_tears,情感身體,哭泣,2
hongloumeng_ch063,63,motif_white,顏色,白色,7
hongloumeng_ch063,63,motif_willow,花木,柳,3
hongloumeng_ch063,63,motif_wind,自然,風,6
hongloumeng_ch063,63,motif_wine,飲食,酒,28
hongloumeng_ch064,64,motif_book,文藝,書,3
hongloumeng_ch064,64,motif_flower,花木,泛花,6
hongloumeng_ch064,64,motif_fragrance,感官,香氣,4
hongloumeng_ch064,64,motif_green,顏色,綠色,1
hongloumeng_ch064,64,motif_green_blue,顏色,青色,3
hongloumeng_ch064,64,motif_haitang,花木,海棠,1
hongloumeng_ch064,64,motif_illness,身體,疾病,6
hongloumeng_ch064,64,motif_jade,物象,玉石,58
hongloumeng_ch064,64,motif_medicine,身體,藥,4
hongloumeng_ch064,64,motif_moon,自然,月,3
hongloumeng_ch064,64,motif_poetry,文藝,詩,11
hongloumeng_ch064,64,motif_purple,顏色,紫色,6
hongloumeng_ch064,64,motif_red,顏色,紅色,3
hongloumeng_ch064,64,motif_snow,自然,雪,6
hongloumeng_ch064,64,motif_stone,物象,石,1
hongloumeng_ch064,64,motif_tea,飲食,茶,9
hongloumeng_ch064,64,motif_tears,情感身體,眼淚,3
hongloumeng_ch064,64,motif_tears,情感身體,哭泣,8
hongloumeng_ch064,64,motif_white,顏色,白色,4
hongloumeng_ch064,64,motif_wind,自然,風,5
hongloumeng_ch064,64,motif_wine,飲食,酒,2
hongloumeng_ch065,65,motif_book,文藝,書,1
hongloumeng_ch065,65,motif_flower,花木,泛花,6
hongloumeng_ch065,65,motif_fragrance,感官,香氣,4
hongloumeng_ch065,65,motif_gold,物象,金,3
hongloumeng_ch065,65,motif_green,顏色,綠色,2
hongloumeng_ch065,65,motif_illness,身體,疾病,3
hongloumeng_ch065,65,motif_jade,物象,玉石,3
hongloumeng_ch065,65,motif_lotus,花木,蓮,1
hongloumeng_ch065,65,motif_moon,自然,月,5
hongloumeng_ch065,65,motif_rain,自然,雨,1
hongloumeng_ch065,65,motif_red,顏色,紅色,4
hongloumeng_ch065,65,motif_snow,自然,雪,2
hongloumeng_ch065,65,motif_stone,物象,石,2
hongloumeng_ch065,65,motif_tea,飲食,茶,3
hongloumeng_ch065,65,motif_tears,情感身體,眼淚,2
hongloumeng_ch065,65,motif_tears,情感身體,哭泣,1
hongloumeng_ch065,65,motif_white,顏色,白色,4
hongloumeng_ch065,65,motif_willow,花木,柳,1
hongloumeng_ch065,65,motif_wind,自然,風,7
hongloumeng_ch065,65,motif_wine,飲食,酒,24
hongloumeng_ch066,66,motif_book,文藝,書,1
hongloumeng_ch066,66,motif_dream,夢幻,夢,2
hongloumeng_ch066,66,motif_flower,花木,泛花,1
hongloumeng_ch066,66,motif_fragrance,感官,香氣,1
hongloumeng_ch066,66,motif_gold,物象,金,2
hongloumeng_ch066,66,motif_illness,身體,疾病,3
hongloumeng_ch066,66,motif_jade,物象,玉石,15
hongloumeng_ch066,66,motif_lotus,花木,蓮,37
hongloumeng_ch066,66,motif_moon,自然,月,8
hongloumeng_ch066,66,motif_peach_blossom,花木,桃花,1
hongloumeng_ch066,66,motif_rain,自然,雨,1
hongloumeng_ch066,66,motif_red,顏色,紅色,2
hongloumeng_ch066,66,motif_stone,物象,石,1
hongloumeng_ch066,66,motif_tea,飲食,茶,3
hongloumeng_ch066,66,motif_tears,情感身體,眼淚,2
hongloumeng_ch066,66,motif_tears,情感身體,哭泣,3
hongloumeng_ch066,66,motif_white,顏色,白色,1
hongloumeng_ch066,66,motif_willow,花木,柳,14
hongloumeng_ch066,66,motif_wind,自然,風,2
hongloumeng_ch066,66,motif_wine,飲食,酒,1
hongloumeng_ch067,67,motif_book,文藝,書,3
hongloumeng_ch067,67,motif_flower,花木,泛花,5
hongloumeng_ch067,67,motif_fragrance,感官,香氣,5
hongloumeng_ch067,67,motif_gold,物象,金,3
hongloumeng_ch067,67,motif_green,顏色,綠色,2
hongloumeng_ch067,67,motif_green_blue,顏色,青色,1
hongloumeng_ch067,67,motif_hibiscus,花木,芙蓉,1
hongloumeng_ch067,67,motif_illness,身體,疾病,22
hongloumeng_ch067,67,motif_jade,物象,玉石,54
hongloumeng_ch067,67,motif_lotus,花木,蓮,5
hongloumeng_ch067,67,motif_medicine,身體,藥,3
hongloumeng_ch067,67,motif_moon,自然,月,6
hongloumeng_ch067,67,motif_purple,顏色,紫色,5
hongloumeng_ch067,67,motif_rain,自然,雨,1
hongloumeng_ch067,67,motif_red,顏色,紅色,8
hongloumeng_ch067,67,motif_stone,物象,石,1
hongloumeng_ch067,67,motif_tea,飲食,茶,4
hongloumeng_ch067,67,motif_tears,情感身體,眼淚,8
hongloumeng_ch067,67,motif_tears,情感身體,哭泣,10
hongloumeng_ch067,67,motif_white,顏色,白色,6
hongloumeng_ch067,67,motif_willow,花木,柳,11
hongloumeng_ch067,67,motif_wind,自然,風,5
hongloumeng_ch067,67,motif_wine,飲食,酒,6
hongloumeng_ch068,68,motif_book,文藝,書,2
hongloumeng_ch068,68,motif_flower,花木,泛花,5
hongloumeng_ch068,68,motif_fragrance,感官,香氣,1
hongloumeng_ch068,68,motif_gold,物象,金,2
hongloumeng_ch068,68,motif_green_blue,顏色,青色,4
hongloumeng_ch068,68,motif_illness,身體,疾病,1
hongloumeng_ch068,68,motif_moon,自然,月,3
hongloumeng_ch068,68,motif_tea,飲食,茶,3
hongloumeng_ch068,68,motif_tears,情感身體,哭泣,9
hongloumeng_ch068,68,motif_tears,情感身體,眼淚,2
hongloumeng_ch068,68,motif_white,顏色,白色,8
hongloumeng_ch068,68,motif_willow,花木,柳,3
hongloumeng_ch068,68,motif_wind,自然,風,3
hongloumeng_ch068,68,motif_wine,飲食,酒,2
hongloumeng_ch069,69,motif_dream,夢幻,夢,2
hongloumeng_ch069,69,motif_flower,花木,泛花,5
hongloumeng_ch069,69,motif_fragrance,感官,香氣,5
hongloumeng_ch069,69,motif_gold,物象,金,5
hongloumeng_ch069,69,motif_illness,身體,疾病,13
hongloumeng_ch069,69,motif_jade,物象,玉石,1
hongloumeng_ch069,69,motif_medicine,身體,藥,5
hongloumeng_ch069,69,motif_moon,自然,月,8
hongloumeng_ch069,69,motif_red,顏色,紅色,2
hongloumeng_ch069,69,motif_snow,自然,雪,1
hongloumeng_ch069,69,motif_tea,飲食,茶,3
hongloumeng_ch069,69,motif_tears,情感身體,眼淚,5
hongloumeng_ch069,69,motif_tears,情感身體,哭泣,15
hongloumeng_ch069,69,motif_white,顏色,白色,3
hongloumeng_ch069,69,motif_wind,自然,風,4
hongloumeng_ch069,69,motif_wine,飲食,酒,1
hongloumeng_ch070,70,motif_bamboo,花木,竹,9
hongloumeng_ch070,70,motif_book,文藝,書,9
hongloumeng_ch070,70,motif_dream,夢幻,夢,3
hongloumeng_ch070,70,motif_flower,花木,泛花,15
hongloumeng_ch070,70,motif_fragrance,感官,香氣,13
hongloumeng_ch070,70,motif_gold,物象,金,2
hongloumeng_ch070,70,motif_green,顏色,綠色,2
hongloumeng_ch070,70,motif_green_blue,顏色,青色,1
hongloumeng_ch070,70,motif_haitang,花木,海棠,2
hongloumeng_ch070,70,motif_illness,身體,疾病,9
hongloumeng_ch070,70,motif_jade,物象,玉石,69
hongloumeng_ch070,70,motif_lotus,花木,蓮,1
hongloumeng_ch070,70,motif_moon,自然,月,14
hongloumeng_ch070,70,motif_peach_blossom,花木,桃花,15
hongloumeng_ch070,70,motif_plum_blossom,花木,梅花,1
hongloumeng_ch070,70,motif_poetry,文藝,詩,13
hongloumeng_ch070,70,motif_purple,顏色,紫色,8
hongloumeng_ch070,70,motif_rain,自然,雨,1
hongloumeng_ch070,70,motif_red,顏色,紅色,11
hongloumeng_ch070,70,motif_snow,自然,雪,2
hongloumeng_ch070,70,motif_tears,情感身體,眼淚,9
hongloumeng_ch070,70,motif_white,顏色,白色,3
hongloumeng_ch070,70,motif_willow,花木,柳,6
hongloumeng_ch070,70,motif_wind,自然,風,28
hongloumeng_ch070,70,motif_wine,飲食,酒,1
hongloumeng_ch071,71,motif_bamboo,花木,竹,1
hongloumeng_ch071,71,motif_book,文藝,書,1
hongloumeng_ch071,71,motif_fragrance,感官,香氣,6
hongloumeng_ch071,71,motif_gold,物象,金,10
hongloumeng_ch071,71,motif_hibiscus,花木,芙蓉,1
hongloumeng_ch071,71,motif_illness,身體,疾病,3
hongloumeng_ch071,71,motif_jade,物象,玉石,16
hongloumeng_ch071,71,motif_moon,自然,月,7
hongloumeng_ch071,71,motif_purple,顏色,紫色,1
hongloumeng_ch071,71,motif_red,顏色,紅色,7
hongloumeng_ch071,71,motif_stone,物象,石,3
hongloumeng_ch071,71,motif_tea,飲食,茶,6
hongloumeng_ch071,71,motif_tears,情感身體,哭泣,7
hongloumeng_ch071,71,motif_tears,情感身體,眼淚,3
hongloumeng_ch071,71,motif_white,顏色,白色,6
hongloumeng_ch071,71,motif_wine,飲食,酒,7
hongloumeng_ch072,72,motif_book,文藝,書,3
hongloumeng_ch072,72,motif_dream,夢幻,夢,2
hongloumeng_ch072,72,motif_flower,花木,泛花,3
hongloumeng_ch072,72,motif_fragrance,感官,香氣,1
hongloumeng_ch072,72,motif_gold,物象,金,5
hongloumeng_ch072,72,motif_illness,身體,疾病,13
hongloumeng_ch072,72,motif_jade,物象,玉石,2
hongloumeng_ch072,72,motif_lotus,花木,蓮,1
hongloumeng_ch072,72,motif_medicine,身體,藥,1
hongloumeng_ch072,72,motif_moon,自然,月,14
hongloumeng_ch072,72,motif_rain,自然,雨,1
hongloumeng_ch072,72,motif_red,顏色,紅色,4
hongloumeng_ch072,72,motif_stone,物象,石,2
hongloumeng_ch072,72,motif_tea,飲食,茶,5
hongloumeng_ch072,72,motif_tears,情感身體,哭泣,3
hongloumeng_ch072,72,motif_white,顏色,白色,11
hongloumeng_ch072,72,motif_willow,花木,柳,1
hongloumeng_ch072,72,motif_wind,自然,風,2
hongloumeng_ch072,72,motif_wine,飲食,酒,5
hongloumeng_ch073,73,motif_book,文藝,書,12
hongloumeng_ch073,73,motif_dream,夢幻,夢,1
hongloumeng_ch073,73,motif_flower,花木,泛花,4
hongloumeng_ch073,73,motif_fragrance,感官,香氣,1
hongloumeng_ch073,73,motif_gold,物象,金,9
hongloumeng_ch073,73,motif_green,顏色,綠色,1
hongloumeng_ch073,73,motif_illness,身體,疾病,6
hongloumeng_ch073,73,motif_jade,物象,玉石,21
hongloumeng_ch073,73,motif_medicine,身體,藥,3
hongloumeng_ch073,73,motif_moon,自然,月,10
hongloumeng_ch073,73,motif_poetry,文藝,詩,2
hongloumeng_ch073,73,motif_red,顏色,紅色,3
hongloumeng_ch073,73,motif_song_drama,文藝,曲,2
hongloumeng_ch073,73,motif_stone,物象,石,3
hongloumeng_ch073,73,motif_tea,飲食,茶,6
hongloumeng_ch073,73,motif_tears,情感身體,哭泣,2
hongloumeng_ch073,73,motif_white,顏色,白色,5
hongloumeng_ch073,73,motif_willow,花木,柳,2
hongloumeng_ch073,73,motif_wind,自然,風,2
hongloumeng_ch073,73,motif_wine,飲食,酒,2
hongloumeng_ch074,74,motif_book,文藝,書,4
hongloumeng_ch074,74,motif_flower,花木,泛花,3
hongloumeng_ch074,74,motif_fragrance,感官,香氣,7
hongloumeng_ch074,74,motif_gold,物象,金,10
hongloumeng_ch074,74,motif_green,顏色,綠色,1
hongloumeng_ch074,74,motif_illness,身體,疾病,8
hongloumeng_ch074,74,motif_jade,物象,玉石,28
hongloumeng_ch074,74,motif_medicine,身體,藥,3
hongloumeng_ch074,74,motif_moon,自然,月,9
hongloumeng_ch074,74,motif_purple,顏色,紫色,3
hongloumeng_ch074,74,motif_rain,自然,雨,1
hongloumeng_ch074,74,motif_red,顏色,紅色,7
hongloumeng_ch074,74,motif_stone,物象,石,1
hongloumeng_ch074,74,motif_tea,飲食,茶,2
hongloumeng_ch074,74,motif_tears,情感身體,眼淚,4
hongloumeng_ch074,74,motif_tears,情感身體,哭泣,6
hongloumeng_ch074,74,motif_white,顏色,白色,16
hongloumeng_ch074,74,motif_willow,花木,柳,8
hongloumeng_ch074,74,motif_wind,自然,風,5
hongloumeng_ch074,74,motif_wine,飲食,酒,2
hongloumeng_ch075,75,motif_bamboo,花木,竹,2
hongloumeng_ch075,75,motif_book,文藝,書,7
hongloumeng_ch075,75,motif_flower,花木,泛花,12
hongloumeng_ch075,75,motif_fragrance,感官,香氣,6
hongloumeng_ch075,75,motif_green,顏色,綠色,1
hongloumeng_ch075,75,motif_hibiscus,花木,芙蓉,1
hongloumeng_ch075,75,motif_illness,身體,疾病,8
hongloumeng_ch075,75,motif_jade,物象,玉石,16
hongloumeng_ch075,75,motif_moon,自然,月,17
hongloumeng_ch075,75,motif_poetry,文藝,詩,7
hongloumeng_ch075,75,motif_purple,顏色,紫色,1
hongloumeng_ch075,75,motif_rain,自然,雨,1
hongloumeng_ch075,75,motif_red,顏色,紅色,1
hongloumeng_ch075,75,motif_snow,自然,雪,1
hongloumeng_ch075,75,motif_song_drama,文藝,曲,1
hongloumeng_ch075,75,motif_stone,物象,石,1
hongloumeng_ch075,75,motif_tea,飲食,茶,5
hongloumeng_ch075,75,motif_white,顏色,白色,6
hongloumeng_ch075,75,motif_willow,花木,柳,2
hongloumeng_ch075,75,motif_wind,自然,風,7
hongloumeng_ch075,75,motif_wine,飲食,酒,29
hongloumeng_ch076,76,motif_bamboo,花木,竹,4
hongloumeng_ch076,76,motif_book,文藝,書,3
hongloumeng_ch076,76,motif_flower,花木,泛花,6
hongloumeng_ch076,76,motif_fragrance,感官,香氣,6
hongloumeng_ch076,76,motif_gold,物象,金,5
hongloumeng_ch076,76,motif_green,顏色,綠色,1
hongloumeng_ch076,76,motif_green_blue,顏色,青色,2
hongloumeng_ch076,76,motif_illness,身體,疾病,11
hongloumeng_ch076,76,motif_jade,物象,玉石,57
hongloumeng_ch076,76,motif_medicine,身體,藥,2
hongloumeng_ch076,76,motif_moon,自然,月,30
hongloumeng_ch076,76,motif_poetry,文藝,詩,12
hongloumeng_ch076,76,motif_purple,顏色,紫色,5
hongloumeng_ch076,76,motif_red,顏色,紅色,2
hongloumeng_ch076,76,motif_snow,自然,雪,1
hongloumeng_ch076,76,motif_song_drama,文藝,曲,1
hongloumeng_ch076,76,motif_stone,物象,石,5
hongloumeng_ch076,76,motif_tea,飲食,茶,12
hongloumeng_ch076,76,motif_tears,情感身體,眼淚,2
hongloumeng_ch076,76,motif_white,顏色,白色,4
hongloumeng_ch076,76,motif_wind,自然,風,7
hongloumeng_ch076,76,motif_wine,飲食,酒,13
hongloumeng_ch077,77,motif_book,文藝,書,4
hongloumeng_ch077,77,motif_dream,夢幻,夢,1
hongloumeng_ch077,77,motif_flower,花木,泛花,3
hongloumeng_ch077,77,motif_fragrance,感官,香氣,3
hongloumeng_ch077,77,motif_haitang,花木,海棠,3
hongloumeng_ch077,77,motif_illness,身體,疾病,10
hongloumeng_ch077,77,motif_jade,物象,玉石,82
hongloumeng_ch077,77,motif_medicine,身體,藥,9
hongloumeng_ch077,77,motif_moon,自然,月,7
hongloumeng_ch077,77,motif_poetry,文藝,詩,3
hongloumeng_ch077,77,motif_red,顏色,紅色,9
hongloumeng_ch077,77,motif_stone,物象,石,1
hongloumeng_ch077,77,motif_tea,飲食,茶,19
hongloumeng_ch077,77,motif_tears,情感身體,眼淚,11
hongloumeng_ch077,77,motif_tears,情感身體,哭泣,14
hongloumeng_ch077,77,motif_white,顏色,白色,8
hongloumeng_ch077,77,motif_willow,花木,柳,1
hongloumeng_ch077,77,motif_wind,自然,風,7
hongloumeng_ch077,77,motif_wine,飲食,酒,2
hongloumeng_ch078,78,motif_book,文藝,書,8
hongloumeng_ch078,78,motif_dream,夢幻,夢,1
hongloumeng_ch078,78,motif_flower,花木,泛花,19
hongloumeng_ch078,78,motif_fragrance,感官,香氣,13
hongloumeng_ch078,78,motif_gold,物象,金,5
hongloumeng_ch078,78,motif_green_blue,顏色,青色,12
hongloumeng_ch078,78,motif_haitang,花木,海棠,1
hongloumeng_ch078,78,motif_hibiscus,花木,芙蓉,14
hongloumeng_ch078,78,motif_illness,身體,疾病,5
hongloumeng_ch078,78,motif_jade,物象,玉石,86
hongloumeng_ch078,78,motif_lotus,花木,蓮,3
hongloumeng_ch078,78,motif_medicine,身體,藥,4
hongloumeng_ch078,78,motif_moon,自然,月,20
hongloumeng_ch078,78,motif_poetry,文藝,詩,6
hongloumeng_ch078,78,motif_rain,自然,雨,4
hongloumeng_ch078,78,motif_red,顏色,紅色,8
hongloumeng_ch078,78,motif_snow,自然,雪,3
hongloumeng_ch078,78,motif_stone,物象,石,4
hongloumeng_ch078,78,motif_tears,情感身體,眼淚,5
hongloumeng_ch078,78,motif_white,顏色,白色,8
hongloumeng_ch078,78,motif_willow,花木,柳,3
hongloumeng_ch078,78,motif_wind,自然,風,14
hongloumeng_ch078,78,motif_wine,飲食,酒,1
hongloumeng_ch079,79,motif_book,文藝,書,2
hongloumeng_ch079,79,motif_dream,夢幻,夢,1
hongloumeng_ch079,79,motif_flower,花木,泛花,16
hongloumeng_ch079,79,motif_fragrance,感官,香氣,20
hongloumeng_ch079,79,motif_gold,物象,金,15
hongloumeng_ch079,79,motif_green_blue,顏色,青色,1
hongloumeng_ch079,79,motif_illness,身體,疾病,2
hongloumeng_ch079,79,motif_jade,物象,玉石,38
hongloumeng_ch079,79,motif_medicine,身體,藥,2
hongloumeng_ch079,79,motif_moon,自然,月,4
hongloumeng_ch079,79,motif_poetry,文藝,詩,2
hongloumeng_ch079,79,motif_purple,顏色,紫色,2
hongloumeng_ch079,79,motif_red,顏色,紅色,9
hongloumeng_ch079,79,motif_song_drama,文藝,曲,1
hongloumeng_ch079,79,motif_tea,飲食,茶,2
hongloumeng_ch079,79,motif_tears,情感身體,哭泣,3
hongloumeng_ch079,79,motif_tears,情感身體,眼淚,1
hongloumeng_ch079,79,motif_white,顏色,白色,3
hongloumeng_ch079,79,motif_willow,花木,柳,1
hongloumeng_ch079,79,motif_wind,自然,風,5
hongloumeng_ch079,79,motif_wine,飲食,酒,3
hongloumeng_ch080,80,motif_dream,夢幻,夢,2
hongloumeng_ch080,80,motif_flower,花木,泛花,14
hongloumeng_ch080,80,motif_fragrance,感官,香氣,58
hongloumeng_ch080,80,motif_gold,物象,金,45
hongloumeng_ch080,80,motif_green_blue,顏色,青色,1
hongloumeng_ch080,80,motif_illness,身體,疾病,9
hongloumeng_ch080,80,motif_jade,物象,玉石,23
hongloumeng_ch080,80,motif_lotus,花木,蓮,1
hongloumeng_ch080,80,motif_medicine,身體,藥,17
hongloumeng_ch080,80,motif_moon,自然,月,3
hongloumeng_ch080,80,motif_purple,顏色,紫色,1
hongloumeng_ch080,80,motif_red,顏色,紅色,3
hongloumeng_ch080,80,motif_song_drama,文藝,曲,2
hongloumeng_ch080,80,motif_tea,飲食,茶,7
hongloumeng_ch080,80,motif_tears,情感身體,哭泣,10
hongloumeng_ch080,80,motif_tears,情感身體,眼淚,3
hongloumeng_ch080,80,motif_white,顏色,白色,5
hongloumeng_ch080,80,motif_willow,花木,柳,1
hongloumeng_ch080,80,motif_wind,自然,風,4
hongloumeng_ch080,80,motif_wine,飲食,酒,4
hongloumeng_ch081,81,motif_book,文藝,書,26
hongloumeng_ch081,81,motif_flower,花木,泛花,2
hongloumeng_ch081,81,motif_fragrance,感官,香氣,7
hongloumeng_ch081,81,motif_gold,物象,金,2
hongloumeng_ch081,81,motif_green_blue,顏色,青色,1
hongloumeng_ch081,81,motif_haitang,花木,海棠,1
hongloumeng_ch081,81,motif_illness,身體,疾病,14
hongloumeng_ch081,81,motif_jade,物象,玉石,77
hongloumeng_ch081,81,motif_moon,自然,月,6
hongloumeng_ch081,81,motif_poetry,文藝,詩,5
hongloumeng_ch081,81,motif_purple,顏色,紫色,2
hongloumeng_ch081,81,motif_red,顏色,紅色,4
hongloumeng_ch081,81,motif_stone,物象,石,2
hongloumeng_ch081,81,motif_tea,飲食,茶,4
hongloumeng_ch081,81,motif_tears,情感身體,眼淚,3
hongloumeng_ch081,81,motif_tears,情感身體,哭泣,3
hongloumeng_ch081,81,motif_white,顏色,白色,2
hongloumeng_ch081,81,motif_wind,自然,風,1
hongloumeng_ch081,81,motif_wine,飲食,酒,1
hongloumeng_ch082,82,motif_bamboo,花木,竹,1
hongloumeng_ch082,82,motif_book,文藝,書,23
hongloumeng_ch082,82,motif_dream,夢幻,夢,4
hongloumeng_ch082,82,motif_flower,花木,泛花,2
hongloumeng_ch082,82,motif_fragrance,感官,香氣,3
hongloumeng_ch082,82,motif_green_blue,顏色,青色,1
hongloumeng_ch082,82,motif_illness,身體,疾病,8
hongloumeng_ch082,82,motif_jade,物象,玉石,132
hongloumeng_ch082,82,motif_moon,自然,月,4
hongloumeng_ch082,82,motif_poetry,文藝,詩,2
hongloumeng_ch082,82,motif_purple,顏色,紫色,36
hongloumeng_ch082,82,motif_rain,自然,雨,4
hongloumeng_ch082,82,motif_red,顏色,紅色,5
hongloumeng_ch082,82,motif_snow,自然,雪,14
hongloumeng_ch082,82,motif_tea,飲食,茶,7
hongloumeng_ch082,82,motif_tears,情感身體,眼淚,4
hongloumeng_ch082,82,motif_tears,情感身體,哭泣,12
hongloumeng_ch082,82,motif_white,顏色,白色,3
hongloumeng_ch082,82,motif_wind,自然,風,7
hongloumeng_ch083,83,motif_book,文藝,書,2
hongloumeng_ch083,83,motif_dream,夢幻,夢,1
hongloumeng_ch083,83,motif_flower,花木,泛花,2
hongloumeng_ch083,83,motif_fragrance,感官,香氣,4
hongloumeng_ch083,83,motif_gold,物象,金,21
hongloumeng_ch083,83,motif_green,顏色,綠色,1
hongloumeng_ch083,83,motif_illness,身體,疾病,15
hongloumeng_ch083,83,motif_jade,物象,玉石,38
hongloumeng_ch083,83,motif_medicine,身體,藥,7
hongloumeng_ch083,83,motif_moon,自然,月,6
hongloumeng_ch083,83,motif_poetry,文藝,詩,1
hongloumeng_ch083,83,motif_purple,顏色,紫色,26
hongloumeng_ch083,83,motif_red,顏色,紅色,4
hongloumeng_ch083,83,motif_snow,自然,雪,7
hongloumeng_ch083,83,motif_stone,物象,石,2
hongloumeng_ch083,83,motif_tea,飲食,茶,3
hongloumeng_ch083,83,motif_tears,情感身體,哭泣,9
hongloumeng_ch083,83,motif_tears,情感身體,眼淚,6
hongloumeng_ch083,83,motif_white,顏色,白色,3
hongloumeng_ch083,83,motif_wind,自然,風,5
hongloumeng_ch083,83,motif_wine,飲食,酒,4
hongloumeng_ch084,84,motif_bamboo,花木,竹,1
hongloumeng_ch084,84,motif_book,文藝,書,8
hongloumeng_ch084,84,motif_fragrance,感官,香氣,3
hongloumeng_ch084,84,motif_gold,物象,金,2
hongloumeng_ch084,84,motif_green_blue,顏色,青色,1
hongloumeng_ch084,84,motif_illness,身體,疾病,3
hongloumeng_ch084,84,motif_jade,物象,玉石,47
hongloumeng_ch084,84,motif_medicine,身體,藥,6
hongloumeng_ch084,84,motif_moon,自然,月,4
hongloumeng_ch084,84,motif_poetry,文藝,詩,1
hongloumeng_ch084,84,motif_red,顏色,紅色,3
hongloumeng_ch084,84,motif_tea,飲食,茶,3
hongloumeng_ch084,84,motif_tears,情感身體,眼淚,1
hongloumeng_ch084,84,motif_white,顏色,白色,2
hongloumeng_ch084,84,motif_wind,自然,風,5
hongloumeng_ch084,84,motif_wine,飲食,酒,2
hongloumeng_ch085,85,motif_book,文藝,書,10
hongloumeng_ch085,85,motif_flower,花木,泛花,4
hongloumeng_ch085,85,motif_fragrance,感官,香氣,1
hongloumeng_ch085,85,motif_gold,物象,金,3
hongloumeng_ch085,85,motif_haitang,花木,海棠,1
hongloumeng_ch085,85,motif_illness,身體,疾病,2
hongloumeng_ch085,85,motif_jade,物象,玉石,91
hongloumeng_ch085,85,motif_medicine,身體,藥,9
hongloumeng_ch085,85,motif_moon,自然,月,12
hongloumeng_ch085,85,motif_purple,顏色,紫色,4
hongloumeng_ch085,85,motif_rain,自然,雨,1
hongloumeng_ch085,85,motif_red,顏色,紅色,10
hongloumeng_ch085,85,motif_snow,自然,雪,1
hongloumeng_ch085,85,motif_song_drama,文藝,曲,1
hongloumeng_ch085,85,motif_tea,飲食,茶,2
hongloumeng_ch085,85,motif_tears,情感身體,眼淚,3
hongloumeng_ch085,85,motif_tears,情感身體,哭泣,6
hongloumeng_ch085,85,motif_white,顏色,白色,2
hongloumeng_ch085,85,motif_wind,自然,風,1
hongloumeng_ch085,85,motif_wine,飲食,酒,3
hongloumeng_ch086,86,motif_book,文藝,書,16
hongloumeng_ch086,86,motif_flower,花木,泛花,9
hongloumeng_ch086,86,motif_fragrance,感官,香氣,2
hongloumeng_ch086,86,motif_gold,物象,金,1
hongloumeng_ch086,86,motif_green_blue,顏色,青色,3
hongloumeng_ch086,86,motif_illness,身體,疾病,4
hongloumeng_ch086,86,motif_jade,物象,玉石,44
hongloumeng_ch086,86,motif_moon,自然,月,9
hongloumeng_ch086,86,motif_purple,顏色,紫色,5
hongloumeng_ch086,86,motif_rain,自然,雨,1
hongloumeng_ch086,86,motif_red,顏色,紅色,2
hongloumeng_ch086,86,motif_snow,自然,雪,1
hongloumeng_ch086,86,motif_song_drama,文藝,曲,3
hongloumeng_ch086,86,motif_stone,物象,石,2
hongloumeng_ch086,86,motif_tears,情感身體,哭泣,3
hongloumeng_ch086,86,motif_tears,情感身體,眼淚,1
hongloumeng_ch086,86,motif_white,顏色,白色,7
hongloumeng_ch086,86,motif_willow,花木,柳,2
hongloumeng_ch086,86,motif_wind,自然,風,4
hongloumeng_ch086,86,motif_wine,飲食,酒,20
hongloumeng_ch087,87,motif_book,文藝,書,7
hongloumeng_ch087,87,motif_chrysanthemum,花木,菊花,1
hongloumeng_ch087,87,motif_flower,花木,泛花,5
hongloumeng_ch087,87,motif_fragrance,感官,香氣,15
hongloumeng_ch087,87,motif_gold,物象,金,1
hongloumeng_ch087,87,motif_green_blue,顏色,青色,2
hongloumeng_ch087,87,motif_haitang,花木,海棠,1
hongloumeng_ch087,87,motif_illness,身體,疾病,5
hongloumeng_ch087,87,motif_jade,物象,玉石,116
hongloumeng_ch087,87,motif_medicine,身體,藥,1
hongloumeng_ch087,87,motif_moon,自然,月,6
hongloumeng_ch087,87,motif_poetry,文藝,詩,4
hongloumeng_ch087,87,motif_purple,顏色,紫色,16
hongloumeng_ch087,87,motif_rain,自然,雨,3
hongloumeng_ch087,87,motif_red,顏色,紅色,10
hongloumeng_ch087,87,motif_snow,自然,雪,17
hongloumeng_ch087,87,motif_song_drama,文藝,曲,4
hongloumeng_ch087,87,motif_stone,物象,石,2
hongloumeng_ch087,87,motif_tea,飲食,茶,3
hongloumeng_ch087,87,motif_tears,情感身體,哭泣,3
hongloumeng_ch087,87,motif_tears,情感身體,眼淚,5
hongloumeng_ch087,87,motif_white,顏色,白色,2
hongloumeng_ch087,87,motif_willow,花木,柳,3
hongloumeng_ch087,87,motif_wind,自然,風,11
hongloumeng_ch088,88,motif_book,文藝,書,4
hongloumeng_ch088,88,motif_flower,花木,泛花,3
hongloumeng_ch088,88,motif_fragrance,感官,香氣,1
hongloumeng_ch088,88,motif_gold,物象,金,3
hongloumeng_ch088,88,motif_illness,身體,疾病,1
hongloumeng_ch088,88,motif_jade,物象,玉石,7
hongloumeng_ch088,88,motif_moon,自然,月,3
hongloumeng_ch088,88,motif_poetry,文藝,詩,1
hongloumeng_ch088,88,motif_red,顏色,紅色,20
hongloumeng_ch088,88,motif_tea,飲食,茶,3
hongloumeng_ch088,88,motif_tears,情感身體,眼淚,3
hongloumeng_ch088,88,motif_tears,情感身體,哭泣,2
hongloumeng_ch088,88,motif_white,顏色,白色,8
hongloumeng_ch088,88,motif_wind,自然,風,1
hongloumeng_ch088,88,motif_wine,飲食,酒,1
hongloumeng_ch089,89,motif_book,文藝,書,9
hongloumeng_ch089,89,motif_dream,夢幻,夢,3
hongloumeng_ch089,89,motif_flower,花木,泛花,5
hongloumeng_ch089,89,motif_fragrance,感官,香氣,10
hongloumeng_ch089,89,motif_gold,物象,金,4
hongloumeng_ch089,89,motif_green,顏色,綠色,1
hongloumeng_ch089,89,motif_green_blue,顏色,青色,2
hongloumeng_ch089,89,motif_illness,身體,疾病,5
hongloumeng_ch089,89,motif_jade,物象,玉石,109
hongloumeng_ch089,89,motif_lotus,花木,蓮,1
hongloumeng_ch089,89,motif_medicine,身體,藥,1
hongloumeng_ch089,89,motif_moon,自然,月,17
hongloumeng_ch089,89,motif_poetry,文藝,詩,1
hongloumeng_ch089,89,motif_purple,顏色,紫色,32
hongloumeng_ch089,89,motif_red,顏色,紅色,4
hongloumeng_ch089,89,motif_snow,自然,雪,17
hongloumeng_ch089,89,motif_tea,飲食,茶,9
hongloumeng_ch089,89,motif_tears,情感身體,眼淚,4
hongloumeng_ch089,89,motif_white,顏色,白色,3
hongloumeng_ch089,89,motif_wind,自然,風,6
hongloumeng_ch089,89,motif_wine,飲食,酒,1
hongloumeng_ch090,90,motif_book,文藝,書,22
hongloumeng_ch090,90,motif_flower,花木,泛花,3
hongloumeng_ch090,90,motif_gold,物象,金,6
hongloumeng_ch090,90,motif_green_blue,顏色,青色,1
hongloumeng_ch090,90,motif_illness,身體,疾病,10
hongloumeng_ch090,90,motif_jade,物象,玉石,36
hongloumeng_ch090,90,motif_medicine,身體,藥,1
hongloumeng_ch090,90,motif_poetry,文藝,詩,1
hongloumeng_ch090,90,motif_purple,顏色,紫色,30
hongloumeng_ch090,90,motif_red,顏色,紅色,4
hongloumeng_ch090,90,motif_snow,自然,雪,22
hongloumeng_ch090,90,motif_stone,物象,石,1
hongloumeng_ch090,90,motif_tea,飲食,茶,1
hongloumeng_ch090,90,motif_tears,情感身體,哭泣,1
hongloumeng_ch090,90,motif_tears,情感身體,眼淚,1
hongloumeng_ch090,90,motif_white,顏色,白色,8
hongloumeng_ch090,90,motif_wine,飲食,酒,6
hongloumeng_ch091,91,motif_book,文藝,書,3
hongloumeng_ch091,91,motif_dream,夢幻,夢,1
hongloumeng_ch091,91,motif_flower,花木,泛花,3
hongloumeng_ch091,91,motif_fragrance,感官,香氣,3
hongloumeng_ch091,91,motif_gold,物象,金,33
hongloumeng_ch091,91,motif_green,顏色,綠色,1
hongloumeng_ch091,91,motif_illness,身體,疾病,7
hongloumeng_ch091,91,motif_jade,物象,玉石,47
hongloumeng_ch091,91,motif_moon,自然,月,1
hongloumeng_ch091,91,motif_poetry,文藝,詩,1
hongloumeng_ch091,91,motif_purple,顏色,紫色,5
hongloumeng_ch091,91,motif_red,顏色,紅色,6
hongloumeng_ch091,91,motif_snow,自然,雪,1
hongloumeng_ch091,91,motif_stone,物象,石,1
hongloumeng_ch091,91,motif_tears,情感身體,哭泣,2
hongloumeng_ch091,91,motif_tears,情感身體,眼淚,1
hongloumeng_ch091,91,motif_white,顏色,白色,2
hongloumeng_ch091,91,motif_wind,自然,風,3
hongloumeng_ch091,91,motif_wine,飲食,酒,6
hongloumeng_ch092,92,motif_book,文藝,書,7
hongloumeng_ch092,92,motif_flower,花木,泛花,4
hongloumeng_ch092,92,motif_gold,物象,金,3
hongloumeng_ch092,92,motif_illness,身體,疾病,1
hongloumeng_ch092,92,motif_jade,物象,玉石,26
hongloumeng_ch092,92,motif_moon,自然,月,7
hongloumeng_ch092,92,motif_poetry,文藝,詩,1
hongloumeng_ch092,92,motif_purple,顏色,紫色,35
hongloumeng_ch092,92,motif_rain,自然,雨,5
hongloumeng_ch092,92,motif_red,顏色,紅色,6
hongloumeng_ch092,92,motif_snow,自然,雪,2
hongloumeng_ch092,92,motif_stone,物象,石,2
hongloumeng_ch092,92,motif_tea,飲食,茶,2
hongloumeng_ch092,92,motif_tears,情感身體,哭泣,6
hongloumeng_ch092,92,motif_white,顏色,白色,7
hongloumeng_ch092,92,motif_willow,花木,柳,2
hongloumeng_ch092,92,motif_wine,飲食,酒,4
hongloumeng_ch093,93,motif_book,文藝,書,9
hongloumeng_ch093,93,motif_flower,花木,泛花,4
hongloumeng_ch093,93,motif_fragrance,感官,香氣,3
hongloumeng_ch093,93,motif_green_blue,顏色,青色,1
hongloumeng_ch093,93,motif_illness,身體,疾病,4
hongloumeng_ch093,93,motif_jade,物象,玉石,26
hongloumeng_ch093,93,motif_medicine,身體,藥,1
hongloumeng_ch093,93,motif_moon,自然,月,24
hongloumeng_ch093,93,motif_poetry,文藝,詩,1
hongloumeng_ch093,93,motif_purple,顏色,紫色,1
hongloumeng_ch093,93,motif_red,顏色,紅色,2
hongloumeng_ch093,93,motif_song_drama,文藝,曲,1
hongloumeng_ch093,93,motif_tears,情感身體,哭泣,1
hongloumeng_ch093,93,motif_tears,情感身體,眼淚,1
hongloumeng_ch093,93,motif_white,顏色,白色,2
hongloumeng_ch093,93,motif_wind,自然,風,2
hongloumeng_ch093,93,motif_wine,飲食,酒,4
hongloumeng_ch094,94,motif_book,文藝,書,3
hongloumeng_ch094,94,motif_flower,花木,泛花,23
hongloumeng_ch094,94,motif_gold,物象,金,1
hongloumeng_ch094,94,motif_haitang,花木,海棠,8
hongloumeng_ch094,94,motif_illness,身體,疾病,5
hongloumeng_ch094,94,motif_jade,物象,玉石,63
hongloumeng_ch094,94,motif_moon,自然,月,14
hongloumeng_ch094,94,motif_poetry,文藝,詩,5
hongloumeng_ch094,94,motif_purple,顏色,紫色,11
hongloumeng_ch094,94,motif_rain,自然,雨,1
hongloumeng_ch094,94,motif_red,顏色,紅色,6
hongloumeng_ch094,94,motif_snow,自然,雪,3
hongloumeng_ch094,94,motif_stone,物象,石,1
hongloumeng_ch094,94,motif_tea,飲食,茶,4
hongloumeng_ch094,94,motif_tears,情感身體,眼淚,3
hongloumeng_ch094,94,motif_tears,情感身體,哭泣,6
hongloumeng_ch094,94,motif_white,顏色,白色,8
hongloumeng_ch094,94,motif_wind,自然,風,2
hongloumeng_ch094,94,motif_wine,飲食,酒,4
hongloumeng_ch095,95,motif_book,文藝,書,7
hongloumeng_ch095,95,motif_flower,花木,泛花,6
hongloumeng_ch095,95,motif_fragrance,感官,香氣,1
hongloumeng_ch095,95,motif_gold,物象,金,3
hongloumeng_ch095,95,motif_green_blue,顏色,青色,3
hongloumeng_ch095,95,motif_haitang,花木,海棠,2
hongloumeng_ch095,95,motif_illness,身體,疾病,13
hongloumeng_ch095,95,motif_jade,物象,玉石,101
hongloumeng_ch095,95,motif_medicine,身體,藥,3
hongloumeng_ch095,95,motif_moon,自然,月,8
hongloumeng_ch095,95,motif_purple,顏色,紫色,3
hongloumeng_ch095,95,motif_rain,自然,雨,1
hongloumeng_ch095,95,motif_red,顏色,紅色,2
hongloumeng_ch095,95,motif_stone,物象,石,3
hongloumeng_ch095,95,motif_tea,飲食,茶,1
hongloumeng_ch095,95,motif_tears,情感身體,哭泣,6
hongloumeng_ch095,95,motif_tears,情感身體,眼淚,5
hongloumeng_ch095,95,motif_white,顏色,白色,3
hongloumeng_ch095,95,motif_wind,自然,風,2
hongloumeng_ch096,96,motif_book,文藝,書,1
hongloumeng_ch096,96,motif_flower,花木,泛花,2
hongloumeng_ch096,96,motif_gold,物象,金,4
hongloumeng_ch096,96,motif_illness,身體,疾病,10
hongloumeng_ch096,96,motif_jade,物象,玉石,88
hongloumeng_ch096,96,motif_medicine,身體,藥,2
hongloumeng_ch096,96,motif_moon,自然,月,3
hongloumeng_ch096,96,motif_peach_blossom,花木,桃花,1
hongloumeng_ch096,96,motif_purple,顏色,紫色,18
hongloumeng_ch096,96,motif_red,顏色,紅色,2
hongloumeng_ch096,96,motif_snow,自然,雪,1
hongloumeng_ch096,96,motif_stone,物象,石,1
hongloumeng_ch096,96,motif_tears,情感身體,眼淚,7
hongloumeng_ch096,96,motif_tears,情感身體,哭泣,9
hongloumeng_ch096,96,motif_white,顏色,白色,11
hongloumeng_ch096,96,motif_wind,自然,風,2
hongloumeng_ch097,97,motif_book,文藝,書,2
hongloumeng_ch097,97,motif_dream,夢幻,夢,4
hongloumeng_ch097,97,motif_flower,花木,泛花,3
hongloumeng_ch097,97,motif_fragrance,感官,香氣,1
hongloumeng_ch097,97,motif_gold,物象,金,5
hongloumeng_ch097,97,motif_green_blue,顏色,青色,2
hongloumeng_ch097,97,motif_illness,身體,疾病,19
hongloumeng_ch097,97,motif_jade,物象,玉石,99
hongloumeng_ch097,97,motif_medicine,身體,藥,3
hongloumeng_ch097,97,motif_moon,自然,月,1
hongloumeng_ch097,97,motif_poetry,文藝,詩,6
hongloumeng_ch097,97,motif_purple,顏色,紫色,61
hongloumeng_ch097,97,motif_rain,自然,雨,4
hongloumeng_ch097,97,motif_red,顏色,紅色,3
hongloumeng_ch097,97,motif_snow,自然,雪,42
hongloumeng_ch097,97,motif_tea,飲食,茶,1
hongloumeng_ch097,97,motif_tears,情感身體,哭泣,13
hongloumeng_ch097,97,motif_tears,情感身體,眼淚,13
hongloumeng_ch097,97,motif_white,顏色,白色,12
hongloumeng_ch097,97,motif_wind,自然,風,3
hongloumeng_ch097,97,motif_wine,飲食,酒,3
hongloumeng_ch098,98,motif_bamboo,花木,竹,2
hongloumeng_ch098,98,motif_book,文藝,書,1
hongloumeng_ch098,98,motif_dream,夢幻,夢,3
hongloumeng_ch098,98,motif_fragrance,感官,香氣,2
hongloumeng_ch098,98,motif_gold,物象,金,1
hongloumeng_ch098,98,motif_illness,身體,疾病,24
hongloumeng_ch098,98,motif_jade,物象,玉石,97
hongloumeng_ch098,98,motif_medicine,身體,藥,4
hongloumeng_ch098,98,motif_moon,自然,月,2
hongloumeng_ch098,98,motif_poetry,文藝,詩,1
hongloumeng_ch098,98,motif_purple,顏色,紫色,13
hongloumeng_ch098,98,motif_rain,自然,雨,1
hongloumeng_ch098,98,motif_red,顏色,紅色,3
hongloumeng_ch098,98,motif_snow,自然,雪,2
hongloumeng_ch098,98,motif_stone,物象,石,3
hongloumeng_ch098,98,motif_tea,飲食,茶,1
hongloumeng_ch098,98,motif_tears,情感身體,哭泣,23
hongloumeng_ch098,98,motif_tears,情感身體,眼淚,12
hongloumeng_ch098,98,motif_white,顏色,白色,7
hongloumeng_ch098,98,motif_wind,自然,風,3
hongloumeng_ch098,98,motif_wine,飲食,酒,1
hongloumeng_ch099,99,motif_book,文藝,書,16
hongloumeng_ch099,99,motif_flower,花木,泛花,7
hongloumeng_ch099,99,motif_gold,物象,金,4
hongloumeng_ch099,99,motif_green_blue,顏色,青色,1
hongloumeng_ch099,99,motif_illness,身體,疾病,5
hongloumeng_ch099,99,motif_jade,物象,玉石,13
hongloumeng_ch099,99,motif_moon,自然,月,4
hongloumeng_ch099,99,motif_red,顏色,紅色,1
hongloumeng_ch099,99,motif_white,顏色,白色,5
hongloumeng_ch099,99,motif_wine,飲食,酒,12
hongloumeng_ch100,100,motif_book,文藝,書,2
hongloumeng_ch100,100,motif_flower,花木,泛花,5
hongloumeng_ch100,100,motif_fragrance,感官,香氣,12
hongloumeng_ch100,100,motif_gold,物象,金,19
hongloumeng_ch100,100,motif_illness,身體,疾病,1
hongloumeng_ch100,100,motif_jade,物象,玉石,20
hongloumeng_ch100,100,motif_purple,顏色,紫色,3
hongloumeng_ch100,100,motif_red,顏色,紅色,4
hongloumeng_ch100,100,motif_snow,自然,雪,1
hongloumeng_ch100,100,motif_tears,情感身體,哭泣,12
hongloumeng_ch100,100,motif_tears,情感身體,眼淚,4
hongloumeng_ch100,100,motif_white,顏色,白色,8
hongloumeng_ch100,100,motif_wind,自然,風,1
hongloumeng_ch100,100,motif_wine,飲食,酒,7
hongloumeng_ch101,101,motif_book,文藝,書,1
hongloumeng_ch101,101,motif_dream,夢幻,夢,3
hongloumeng_ch101,101,motif_flower,花木,泛花,8
hongloumeng_ch101,101,motif_fragrance,感官,香氣,4
hongloumeng_ch101,101,motif_gold,物象,金,1
hongloumeng_ch101,101,motif_illness,身體,疾病,3
hongloumeng_ch101,101,motif_jade,物象,玉石,18
hongloumeng_ch101,101,motif_medicine,身體,藥,1
hongloumeng_ch101,101,motif_moon,自然,月,5
hongloumeng_ch101,101,motif_rain,自然,雨,1
hongloumeng_ch101,101,motif_red,顏色,紅色,8
hongloumeng_ch101,101,motif_stone,物象,石,1
hongloumeng_ch101,101,motif_tea,飲食,茶,8
hongloumeng_ch101,101,motif_tears,情感身體,哭泣,9
hongloumeng_ch101,101,motif_tears,情感身體,眼淚,4
hongloumeng_ch101,101,motif_white,顏色,白色,6
hongloumeng_ch101,101,motif_willow,花木,柳,1
hongloumeng_ch101,101,motif_wind,自然,風,4
hongloumeng_ch101,101,motif_wine,飲食,酒,5
hongloumeng_ch102,102,motif_book,文藝,書,5
hongloumeng_ch102,102,motif_flower,花木,泛花,8
hongloumeng_ch102,102,motif_fragrance,感官,香氣,3
hongloumeng_ch102,102,motif_gold,物象,金,1
hongloumeng_ch102,102,motif_green,顏色,綠色,2
hongloumeng_ch102,102,motif_green_blue,顏色,青色,1
hongloumeng_ch102,102,motif_hibiscus,花木,芙蓉,1
hongloumeng_ch102,102,motif_illness,身體,疾病,16
hongloumeng_ch102,102,motif_jade,物象,玉石,10
hongloumeng_ch102,102,motif_medicine,身體,藥,3
hongloumeng_ch102,102,motif_moon,自然,月,4
hongloumeng_ch102,102,motif_red,顏色,紅色,3
hongloumeng_ch102,102,motif_tea,飲食,茶,1
hongloumeng_ch102,102,motif_tears,情感身體,哭泣,1
hongloumeng_ch102,102,motif_white,顏色,白色,8
hongloumeng_ch102,102,motif_willow,花木,柳,1
hongloumeng_ch102,102,motif_wind,自然,風,3
hongloumeng_ch103,103,motif_flower,花木,泛花,1
hongloumeng_ch103,103,motif_fragrance,感官,香氣,45
hongloumeng_ch103,103,motif_gold,物象,金,23
hongloumeng_ch103,103,motif_green_blue,顏色,青色,1
hongloumeng_ch103,103,motif_illness,身體,疾病,6
hongloumeng_ch103,103,motif_jade,物象,玉石,2
hongloumeng_ch103,103,motif_medicine,身體,藥,17
hongloumeng_ch103,103,motif_moon,自然,月,1
hongloumeng_ch103,103,motif_rain,自然,雨,11
hongloumeng_ch103,103,motif_red,顏色,紅色,1
hongloumeng_ch103,103,motif_tears,情感身體,哭泣,11
hongloumeng_ch103,103,motif_white,顏色,白色,12
hongloumeng_ch103,103,motif_wind,自然,風,2
hongloumeng_ch104,104,motif_book,文藝,書,2
hongloumeng_ch104,104,motif_fragrance,感官,香氣,1
hongloumeng_ch104,104,motif_gold,物象,金,5
hongloumeng_ch104,104,motif_illness,身體,疾病,5
hongloumeng_ch104,104,motif_jade,物象,玉石,22
hongloumeng_ch104,104,motif_moon,自然,月,2
hongloumeng_ch104,104,motif_poetry,文藝,詩,1
hongloumeng_ch104,104,motif_purple,顏色,紫色,5
hongloumeng_ch104,104,motif_rain,自然,雨,22
hongloumeng_ch104,104,motif_red,顏色,紅色,1
hongloumeng_ch104,104,motif_tea,飲食,茶,2
hongloumeng_ch104,104,motif_tears,情感身體,哭泣,2
hongloumeng_ch104,104,motif_tears,情感身體,眼淚,3
hongloumeng_ch104,104,motif_white,顏色,白色,6
hongloumeng_ch104,104,motif_wind,自然,風,3
hongloumeng_ch104,104,motif_wine,飲食,酒,12
hongloumeng_ch105,105,motif_book,文藝,書,2
hongloumeng_ch105,105,motif_fragrance,感官,香氣,1
hongloumeng_ch105,105,motif_gold,物象,金,9
hongloumeng_ch105,105,motif_green_blue,顏色,青色,1
hongloumeng_ch105,105,motif_illness,身體,疾病,4
hongloumeng_ch105,105,motif_jade,物象,玉石,8
hongloumeng_ch105,105,motif_tea,飲食,茶,1
hongloumeng_ch105,105,motif_tears,情感身體,眼淚,7
hongloumeng_ch105,105,motif_tears,情感身體,哭泣,13
hongloumeng_ch105,105,motif_white,顏色,白色,2
hongloumeng_ch105,105,motif_wind,自然,風,1
hongloumeng_ch105,105,motif_wine,飲食,酒,2
hongloumeng_ch106,106,motif_book,文藝,書,4
hongloumeng_ch106,106,motif_flower,花木,泛花,2
hongloumeng_ch106,106,motif_fragrance,感官,香氣,3
hongloumeng_ch106,106,motif_gold,物象,金,3
hongloumeng_ch106,106,motif_illness,身體,疾病,4
hongloumeng_ch106,106,motif_jade,物象,玉石,8
hongloumeng_ch106,106,motif_medicine,身體,藥,1
hongloumeng_ch106,106,motif_moon,自然,月,2
hongloumeng_ch106,106,motif_poetry,文藝,詩,1
hongloumeng_ch106,106,motif_red,顏色,紅色,1
hongloumeng_ch106,106,motif_tears,情感身體,眼淚,8
hongloumeng_ch106,106,motif_tears,情感身體,哭泣,16
hongloumeng_ch106,106,motif_white,顏色,白色,1
hongloumeng_ch106,106,motif_wind,自然,風,3
hongloumeng_ch106,106,motif_wine,飲食,酒,1
hongloumeng_ch107,107,motif_flower,花木,泛花,1
hongloumeng_ch107,107,motif_gold,物象,金,2
hongloumeng_ch107,107,motif_illness,身體,疾病,3
hongloumeng_ch107,107,motif_jade,物象,玉石,6
hongloumeng_ch107,107,motif_rain,自然,雨,2
hongloumeng_ch107,107,motif_red,顏色,紅色,1
hongloumeng_ch107,107,motif_stone,物象,石,2
hongloumeng_ch107,107,motif_tears,情感身體,哭泣,17
hongloumeng_ch107,107,motif_tears,情感身體,眼淚,7
hongloumeng_ch107,107,motif_white,顏色,白色,2
hongloumeng_ch107,107,motif_wind,自然,風,3
hongloumeng_ch107,107,motif_wine,飲食,酒,5
hongloumeng_ch108,108,motif_bamboo,花木,竹,2
hongloumeng_ch108,108,motif_book,文藝,書,3
hongloumeng_ch108,108,motif_dream,夢幻,夢,1
hongloumeng_ch108,108,motif_flower,花木,泛花,4
hongloumeng_ch108,108,motif_fragrance,感官,香氣,2
hongloumeng_ch108,108,motif_gold,物象,金,2
hongloumeng_ch108,108,motif_green,顏色,綠色,1
hongloumeng_ch108,108,motif_green_blue,顏色,青色,1
hongloumeng_ch108,108,motif_hibiscus,花木,芙蓉,1
hongloumeng_ch108,108,motif_illness,身體,疾病,5
hongloumeng_ch108,108,motif_jade,物象,玉石,53
hongloumeng_ch108,108,motif_moon,自然,月,2
hongloumeng_ch108,108,motif_poetry,文藝,詩,1
hongloumeng_ch108,108,motif_red,顏色,紅色,4
hongloumeng_ch108,108,motif_song_drama,文藝,曲,3
hongloumeng_ch108,108,motif_tears,情感身體,眼淚,4
hongloumeng_ch108,108,motif_tears,情感身體,哭泣,7
hongloumeng_ch108,108,motif_white,顏色,白色,5
hongloumeng_ch108,108,motif_willow,花木,柳,1
hongloumeng_ch108,108,motif_wind,自然,風,2
hongloumeng_ch108,108,motif_wine,飲食,酒,16
hongloumeng_ch109,109,motif_book,文藝,書,1
hongloumeng_ch109,109,motif_dream,夢幻,夢,14
hongloumeng_ch109,109,motif_flower,花木,泛花,4
hongloumeng_ch109,109,motif_fragrance,感官,香氣,1
hongloumeng_ch109,109,motif_green_blue,顏色,青色,1
hongloumeng_ch109,109,motif_illness,身體,疾病,25
hongloumeng_ch109,109,motif_jade,物象,玉石,94
hongloumeng_ch109,109,motif_medicine,身體,藥,3
hongloumeng_ch109,109,motif_moon,自然,月,18
hongloumeng_ch109,109,motif_poetry,文藝,詩,1
hongloumeng_ch109,109,motif_red,顏色,紅色,8
hongloumeng_ch109,109,motif_stone,物象,石,1
hongloumeng_ch109,109,motif_tea,飲食,茶,9
hongloumeng_ch109,109,motif_tears,情感身體,哭泣,4
hongloumeng_ch109,109,motif_tears,情感身體,眼淚,4
hongloumeng_ch109,109,motif_white,顏色,白色,5
hongloumeng_ch109,109,motif_wind,自然,風,3
hongloumeng_ch110,110,motif_book,文藝,書,4
hongloumeng_ch110,110,motif_flower,花木,泛花,3
hongloumeng_ch110,110,motif_fragrance,感官,香氣,2
hongloumeng_ch110,110,motif_gold,物象,金,2
hongloumeng_ch110,110,motif_green,顏色,綠色,1
hongloumeng_ch110,110,motif_illness,身體,疾病,3
hongloumeng_ch110,110,motif_jade,物象,玉石,8
hongloumeng_ch110,110,motif_peony,花木,牡丹,1
hongloumeng_ch110,110,motif_plum_blossom,花木,梅花,2
hongloumeng_ch110,110,motif_poetry,文藝,詩,1
hongloumeng_ch110,110,motif_purple,顏色,紫色,2
hongloumeng_ch110,110,motif_red,顏色,紅色,3
hongloumeng_ch110,110,motif_tears,情感身體,眼淚,5
hongloumeng_ch110,110,motif_tears,情感身體,哭泣,8
hongloumeng_ch110,110,motif_white,顏色,白色,9
hongloumeng_ch110,110,motif_wind,自然,風,5
hongloumeng_ch111,111,motif_flower,花木,泛花,3
hongloumeng_ch111,111,motif_fragrance,感官,香氣,2
hongloumeng_ch111,111,motif_gold,物象,金,4
hongloumeng_ch111,111,motif_illness,身體,疾病,6
hongloumeng_ch111,111,motif_jade,物象,玉石,20
hongloumeng_ch111,111,motif_moon,自然,月,2
hongloumeng_ch111,111,motif_purple,顏色,紫色,1
hongloumeng_ch111,111,motif_rain,自然,雨,1
hongloumeng_ch111,111,motif_red,顏色,紅色,2
hongloumeng_ch111,111,motif_tea,飲食,茶,4
hongloumeng_ch111,111,motif_tears,情感身體,哭泣,20
hongloumeng_ch111,111,motif_tears,情感身體,眼淚,1
hongloumeng_ch111,111,motif_white,顏色,白色,3
hongloumeng_ch111,111,motif_wind,自然,風,5
hongloumeng_ch111,111,motif_wine,飲食,酒,1
hongloumeng_ch112,112,motif_book,文藝,書,4
hongloumeng_ch112,112,motif_dream,夢幻,夢,1
hongloumeng_ch112,112,motif_flower,花木,泛花,1
hongloumeng_ch112,112,motif_fragrance,感官,香氣,5
hongloumeng_ch112,112,motif_gold,物象,金,2
hongloumeng_ch112,112,motif_green_blue,顏色,青色,2
hongloumeng_ch112,112,motif_illness,身體,疾病,4
hongloumeng_ch112,112,motif_jade,物象,玉石,26
hongloumeng_ch112,112,motif_medicine,身體,藥,1
hongloumeng_ch112,112,motif_purple,顏色,紫色,1
hongloumeng_ch112,112,motif_red,顏色,紅色,1
hongloumeng_ch112,112,motif_tea,飲食,茶,1
hongloumeng_ch112,112,motif_tears,情感身體,哭泣,9
hongloumeng_ch112,112,motif_white,顏色,白色,4
hongloumeng_ch113,113,motif_dream,夢幻,夢,1
hongloumeng_ch113,113,motif_flower,花木,泛花,4
hongloumeng_ch113,113,motif_fragrance,感官,香氣,1
hongloumeng_ch113,113,motif_gold,物象,金,3
hongloumeng_ch113,113,motif_green_blue,顏色,青色,10
hongloumeng_ch113,113,motif_illness,身體,疾病,16
hongloumeng_ch113,113,motif_jade,物象,玉石,36
hongloumeng_ch113,113,motif_medicine,身體,藥,3
hongloumeng_ch113,113,motif_moon,自然,月,10
hongloumeng_ch113,113,motif_purple,顏色,紫色,24
hongloumeng_ch113,113,motif_red,顏色,紅色,4
hongloumeng_ch113,113,motif_stone,物象,石,2
hongloumeng_ch113,113,motif_tea,飲食,茶,3
hongloumeng_ch113,113,motif_tears,情感身體,哭泣,19
hongloumeng_ch113,113,motif_tears,情感身體,眼淚,5
hongloumeng_ch113,113,motif_white,顏色,白色,8
hongloumeng_ch113,113,motif_wind,自然,風,3
hongloumeng_ch114,114,motif_book,文藝,書,3
hongloumeng_ch114,114,motif_dream,夢幻,夢,2
hongloumeng_ch114,114,motif_flower,花木,泛花,1
hongloumeng_ch114,114,motif_fragrance,感官,香氣,2
hongloumeng_ch114,114,motif_gold,物象,金,3
hongloumeng_ch114,114,motif_green_blue,顏色,青色,1
hongloumeng_ch114,114,motif_illness,身體,疾病,2
hongloumeng_ch114,114,motif_jade,物象,玉石,33
hongloumeng_ch114,114,motif_red,顏色,紅色,1
hongloumeng_ch114,114,motif_tea,飲食,茶,1
hongloumeng_ch114,114,motif_tears,情感身體,哭泣,13
hongloumeng_ch114,114,motif_white,顏色,白色,1
hongloumeng_ch115,115,motif_book,文藝,書,5
hongloumeng_ch115,115,motif_dream,夢幻,夢,1
hongloumeng_ch115,115,motif_illness,身體,疾病,9
hongloumeng_ch115,115,motif_jade,物象,玉石,110
hongloumeng_ch115,115,motif_medicine,身體,藥,4
hongloumeng_ch115,115,motif_moon,自然,月,2
hongloumeng_ch115,115,motif_purple,顏色,紫色,1
hongloumeng_ch115,115,motif_red,顏色,紅色,1
hongloumeng_ch115,115,motif_stone,物象,石,2
hongloumeng_ch115,115,motif_tea,飲食,茶,1
hongloumeng_ch115,115,motif_tears,情感身體,哭泣,5
hongloumeng_ch115,115,motif_white,顏色,白色,2
hongloumeng_ch116,116,motif_bamboo,花木,竹,1
hongloumeng_ch116,116,motif_book,文藝,書,4
hongloumeng_ch116,116,motif_dream,夢幻,夢,6
hongloumeng_ch116,116,motif_flower,花木,泛花,11
hongloumeng_ch116,116,motif_gold,物象,金,3
hongloumeng_ch116,116,motif_green_blue,顏色,青色,4
hongloumeng_ch116,116,motif_hibiscus,花木,芙蓉,1
hongloumeng_ch116,116,motif_illness,身體,疾病,7
hongloumeng_ch116,116,motif_jade,物象,玉石,95
hongloumeng_ch116,116,motif_medicine,身體,藥,3
hongloumeng_ch116,116,motif_moon,自然,月,8
hongloumeng_ch116,116,motif_poetry,文藝,詩,4
hongloumeng_ch116,116,motif_purple,顏色,紫色,3
hongloumeng_ch116,116,motif_red,顏色,紅色,3
hongloumeng_ch116,116,motif_snow,自然,雪,1
hongloumeng_ch116,116,motif_stone,物象,石,1
hongloumeng_ch116,116,motif_tears,情感身體,哭泣,8
hongloumeng_ch116,116,motif_tears,情感身體,眼淚,5
hongloumeng_ch116,116,motif_white,顏色,白色,9
hongloumeng_ch116,116,motif_wind,自然,風,2
hongloumeng_ch117,117,motif_book,文藝,書,13
hongloumeng_ch117,117,motif_dream,夢幻,夢,4
hongloumeng_ch117,117,motif_flower,花木,泛花,2
hongloumeng_ch117,117,motif_fragrance,感官,香氣,3
hongloumeng_ch117,117,motif_green_blue,顏色,青色,1
hongloumeng_ch117,117,motif_illness,身體,疾病,9
hongloumeng_ch117,117,motif_jade,物象,玉石,66
hongloumeng_ch117,117,motif_moon,自然,月,3
hongloumeng_ch117,117,motif_purple,顏色,紫色,2
hongloumeng_ch117,117,motif_rain,自然,雨,2
hongloumeng_ch117,117,motif_red,顏色,紅色,6
hongloumeng_ch117,117,motif_song_drama,文藝,曲,1
hongloumeng_ch117,117,motif_tears,情感身體,哭泣,10
hongloumeng_ch117,117,motif_tears,情感身體,眼淚,1
hongloumeng_ch117,117,motif_white,顏色,白色,3
hongloumeng_ch117,117,motif_wind,自然,風,3
hongloumeng_ch117,117,motif_wine,飲食,酒,19
hongloumeng_ch118,118,motif_book,文藝,書,20
hongloumeng_ch118,118,motif_flower,花木,泛花,2
hongloumeng_ch118,118,motif_gold,物象,金,1
hongloumeng_ch118,118,motif_green_blue,顏色,青色,1
hongloumeng_ch118,118,motif_illness,身體,疾病,6
hongloumeng_ch118,118,motif_jade,物象,玉石,67
hongloumeng_ch118,118,motif_moon,自然,月,6
hongloumeng_ch118,118,motif_plum_blossom,花木,梅花,1
hongloumeng_ch118,118,motif_poetry,文藝,詩,5
hongloumeng_ch118,118,motif_purple,顏色,紫色,9
hongloumeng_ch118,118,motif_red,顏色,紅色,1
hongloumeng_ch118,118,motif_tea,飲食,茶,3
hongloumeng_ch118,118,motif_tears,情感身體,眼淚,4
hongloumeng_ch118,118,motif_tears,情感身體,哭泣,8
hongloumeng_ch118,118,motif_white,顏色,白色,8
hongloumeng_ch118,118,motif_wind,自然,風,1
hongloumeng_ch119,119,motif_book,文藝,書,3
hongloumeng_ch119,119,motif_dream,夢幻,夢,1
hongloumeng_ch119,119,motif_gold,物象,金,3
hongloumeng_ch119,119,motif_green_blue,顏色,青色,4
hongloumeng_ch119,119,motif_illness,身體,疾病,3
hongloumeng_ch119,119,motif_jade,物象,玉石,41
hongloumeng_ch119,119,motif_moon,自然,月,3
hongloumeng_ch119,119,motif_purple,顏色,紫色,2
hongloumeng_ch119,119,motif_red,顏色,紅色,2
hongloumeng_ch119,119,motif_tears,情感身體,眼淚,10
hongloumeng_ch119,119,motif_tears,情感身體,哭泣,25
hongloumeng_ch119,119,motif_white,顏色,白色,2
hongloumeng_ch119,119,motif_wind,自然,風,2
hongloumeng_ch119,119,motif_wine,飲食,酒,2
hongloumeng_ch120,120,motif_book,文藝,書,11
hongloumeng_ch120,120,motif_dream,夢幻,夢,4
hongloumeng_ch120,120,motif_flower,花木,泛花,4
hongloumeng_ch120,120,motif_fragrance,感官,香氣,3
hongloumeng_ch120,120,motif_gold,物象,金,1
hongloumeng_ch120,120,motif_green,顏色,綠色,1
hongloumeng_ch120,120,motif_green_blue,顏色,青色,3
hongloumeng_ch120,120,motif_illness,身體,疾病,3
hongloumeng_ch120,120,motif_jade,物象,玉石,53
hongloumeng_ch120,120,motif_lotus,花木,蓮,1
hongloumeng_ch120,120,motif_medicine,身體,藥,4
hongloumeng_ch120,120,motif_moon,自然,月,2
hongloumeng_ch120,120,motif_peach_blossom,花木,桃花,1
hongloumeng_ch120,120,motif_poetry,文藝,詩,1
hongloumeng_ch120,120,motif_rain,自然,雨,24
hongloumeng_ch120,120,motif_red,顏色,紅色,6
hongloumeng_ch120,120,motif_snow,自然,雪,7
hongloumeng_ch120,120,motif_song_drama,文藝,曲,1
hongloumeng_ch120,120,motif_stone,物象,石,8
hongloumeng_ch120,120,motif_tea,飲食,茶,1
hongloumeng_ch120,120,motif_tears,情感身體,哭泣,9
hongloumeng_ch120,120,motif_tears,情感身體,眼淚,3
hongloumeng_ch120,120,motif_white,顏色,白色,5
hongloumeng_ch120,120,motif_wine,飲食,酒,1
